frame,landmark,x,y,z,label
1,0,0.3912307918071747,0.8028072714805603,-3.8183725337148644e-07,A
1,1,0.45260995626449585,0.8012279868125916,-0.02032610774040222,A
1,2,0.5096253752708435,0.749864935874939,-0.027951166033744812,A
1,3,0.5334749221801758,0.6888781785964966,-0.03375940024852753,A
1,4,0.54539954662323,0.6338862776756287,-0.03772976994514465,A
1,5,0.5000445246696472,0.638070821762085,-0.01795368827879429,A
1,6,0.5168913006782532,0.6775899529457092,-0.046749819070100784,A
1,7,0.4920881390571594,0.7307872772216797,-0.0653078630566597,A
1,8,0.4704611301422119,0.7689343094825745,-0.0720834881067276,A
1,9,0.4630303978919983,0.6131948232650757,-0.015075075440108776,A
1,10,0.4784393012523651,0.6721669435501099,-0.03901784121990204,A
1,11,0.4556134045124054,0.7298086881637573,-0.044506438076496124,A
1,12,0.44166290760040283,0.7714128494262695,-0.04259957745671272,A
1,13,0.42432090640068054,0.6084345579147339,-0.016285857185721397,A
1,14,0.43737831711769104,0.6739681363105774,-0.03885067254304886,A
1,15,0.42487868666648865,0.72623211145401,-0.037128034979104996,A
1,16,0.4191688895225525,0.7620065212249756,-0.029617339372634888,A
1,17,0.38582897186279297,0.6162023544311523,-0.019597230479121208,A
1,18,0.39994460344314575,0.6623613238334656,-0.03341032192111015,A
1,19,0.4000743627548218,0.7076168060302734,-0.03133514150977135,A
1,20,0.40186306834220886,0.7344880104064941,-0.024458108469843864,A
2,0,0.42628762125968933,0.7527332305908203,-3.4995602504750423e-07,A
2,1,0.48855164647102356,0.7530730366706848,-0.021079614758491516,A
2,2,0.5457314848899841,0.705315887928009,-0.029223397374153137,A
2,3,0.570794403553009,0.6460875868797302,-0.03560473769903183,A
2,4,0.5921143889427185,0.593710720539093,-0.039993420243263245,A
2,5,0.5397853851318359,0.5991545915603638,-0.019023973494768143,A
2,6,0.5537924766540527,0.6310023069381714,-0.04888607934117317,A
2,7,0.5281987190246582,0.6827044486999512,-0.06721951067447662,A
2,8,0.5058911442756653,0.7203890681266785,-0.07316619902849197,A
2,9,0.5046737790107727,0.5714201331138611,-0.015742069110274315,A
2,10,0.5165605545043945,0.6249954700469971,-0.041337888687849045,A
2,11,0.490403413772583,0.6818485856056213,-0.04646189138293266,A
2,12,0.4722127616405487,0.723493218421936,-0.043590303510427475,A
2,13,0.4665125012397766,0.562664806842804,-0.016710596159100533,A
2,14,0.47516924142837524,0.6219515204429626,-0.04138549417257309,A
2,15,0.4588971436023712,0.6767351627349854,-0.038736410439014435,A
2,16,0.44965052604675293,0.7159008979797363,-0.02954122982919216,A
2,17,0.42750605940818787,0.5661569833755493,-0.019617073237895966,A
2,18,0.4376346170902252,0.6068969964981079,-0.034564509987831116,A
2,19,0.43590667843818665,0.6524655818939209,-0.03183717653155327,A
2,20,0.43585869669914246,0.6820955872535706,-0.023823197931051254,A
3,0,0.3468851149082184,0.688016414642334,-3.794479539465101e-07,A
3,1,0.3999042809009552,0.7028313875198364,-0.03386574611067772,A
3,2,0.4522702395915985,0.6593288779258728,-0.04620678722858429,A
3,3,0.4743277430534363,0.5948259830474854,-0.05326679348945618,A
3,4,0.48547738790512085,0.537253737449646,-0.057672951370477676,A
3,5,0.4571155309677124,0.5439745783805847,-0.03185582533478737,A
3,6,0.427793949842453,0.5824832916259766,-0.06491678953170776,A
3,7,0.40374067425727844,0.6349826455116272,-0.08531788736581802,A
3,8,0.3910492956638336,0.6673285961151123,-0.09323946386575699,A
3,9,0.4226008355617523,0.5100480914115906,-0.022263336926698685,A
3,10,0.3903099298477173,0.5660126209259033,-0.05257687345147133,A
3,11,0.37674596905708313,0.6258946657180786,-0.06050562486052513,A
3,12,0.37231218814849854,0.667280912399292,-0.059590838849544525,A
3,13,0.38660672307014465,0.49675506353378296,-0.017302701249718666,A
3,14,0.3571288287639618,0.5483705997467041,-0.04596448317170143,A
3,15,0.3541508615016937,0.6065517663955688,-0.044923100620508194,A
3,16,0.35666000843048096,0.6475130319595337,-0.0371549166738987,A
3,17,0.3495716452598572,0.4976549744606018,-0.015469352714717388,A
3,18,0.33002030849456787,0.5360709428787231,-0.038157206028699875,A
3,19,0.3314662277698517,0.5871843695640564,-0.04034777358174324,A
3,20,0.3395385146141052,0.6214309930801392,-0.03465534374117851,A
4,0,0.37488341331481934,0.6875219941139221,-4.3126320292685705e-07,A
4,1,0.43587440252304077,0.7010399103164673,-0.03110729344189167,A
4,2,0.4971684515476227,0.6485510468482971,-0.04157426208257675,A
4,3,0.5257906913757324,0.5805011987686157,-0.048033736646175385,A
4,4,0.5442333817481995,0.5202670693397522,-0.05170707032084465,A
4,5,0.5058282017707825,0.536790668964386,-0.028575435280799866,A
4,6,0.49595361948013306,0.5584322214126587,-0.06414549797773361,A
4,7,0.4661500155925751,0.6127219200134277,-0.08456086367368698,A
4,8,0.4442288279533386,0.652363657951355,-0.09102101624011993,A
4,9,0.46757668256759644,0.49999094009399414,-0.021034453064203262,A
4,10,0.4533003568649292,0.5435183048248291,-0.053873877972364426,A
4,11,0.4306841492652893,0.6061265468597412,-0.06183069571852684,A
4,12,0.4181672930717468,0.6528865098953247,-0.05964106321334839,A
4,13,0.4252340793609619,0.48370030522346497,-0.01867098920047283,A
4,14,0.4093281030654907,0.5343883633613586,-0.04967837035655975,A
4,15,0.3994975984096527,0.5969266295433044,-0.048708364367485046,A
4,16,0.39776304364204407,0.6414018869400024,-0.03976326435804367,A
4,17,0.3823995888233185,0.4810771048069,-0.01903732493519783,A
4,18,0.3736778497695923,0.5181723833084106,-0.04016369581222534,A
4,19,0.3719174265861511,0.5708661675453186,-0.04056723043322563,A
4,20,0.37639039754867554,0.6052558422088623,-0.0337647870182991,A
5,0,0.3867186903953552,0.688197672367096,-4.233463073433086e-07,A
5,1,0.4541243314743042,0.6934747695922852,-0.02426963672041893,A
5,2,0.5193324089050293,0.6378690004348755,-0.031989023089408875,A
5,3,0.5483229756355286,0.5689435005187988,-0.03763230890035629,A
5,4,0.5676860809326172,0.5069175958633423,-0.04077591001987457,A
5,5,0.5239375233650208,0.5229812264442444,-0.017628217115998268,A
5,6,0.5212942361831665,0.5480061769485474,-0.05011915788054466,A
5,7,0.4922897219657898,0.6035395264625549,-0.0705294981598854,A
5,8,0.4699370265007019,0.6459372639656067,-0.07730690389871597,A
5,9,0.48539939522743225,0.4873104989528656,-0.01319356169551611,A
5,10,0.4804960787296295,0.5374502539634705,-0.04297156259417534,A
5,11,0.45407313108444214,0.6002628207206726,-0.05134256184101105,A
5,12,0.4368823170661926,0.649851381778717,-0.049441102892160416,A
5,13,0.44220033288002014,0.47274747490882874,-0.013563025742769241,A
5,14,0.434390127658844,0.5284559726715088,-0.041764188557863235,A
5,15,0.4208240509033203,0.5900482535362244,-0.04135989025235176,A
5,16,0.41454946994781494,0.6374480128288269,-0.03274265304207802,A
5,17,0.3974630534648895,0.4721704423427582,-0.016340583562850952,A
5,18,0.3953839838504791,0.516417920589447,-0.03607792407274246,A
5,19,0.3947680592536926,0.5701677203178406,-0.03655983507633209,A
5,20,0.39836886525154114,0.6066708564758301,-0.029489509761333466,A
6,0,0.42960476875305176,0.6828233599662781,-4.3713274067158636e-07,A
6,1,0.5004236698150635,0.6896921992301941,-0.023486420512199402,A
6,2,0.5711759328842163,0.6311172842979431,-0.03022949956357479,A
6,3,0.6015135645866394,0.5614166855812073,-0.034911952912807465,A
6,4,0.6204193830490112,0.49896204471588135,-0.036837466061115265,A
6,5,0.5681728720664978,0.5145690441131592,-0.01699669286608696,A
6,6,0.5876998901367188,0.5450153350830078,-0.04878264293074608,A
6,7,0.554051399230957,0.6032419204711914,-0.06740058213472366,A
6,8,0.5252923965454102,0.6452203392982483,-0.07291129976511002,A
6,9,0.5303815603256226,0.4787842631340027,-0.01323332916945219,A
6,10,0.5435383319854736,0.5333709716796875,-0.041567180305719376,A
6,11,0.510003387928009,0.5984724164009094,-0.04647107049822807,A
6,12,0.4876391887664795,0.6447813510894775,-0.04194426164031029,A
6,13,0.48741385340690613,0.46466195583343506,-0.014614751562476158,A
6,14,0.49558141827583313,0.5264624357223511,-0.04149984195828438,A
6,15,0.4752193093299866,0.5893981456756592,-0.03830285370349884,A
6,16,0.4638683497905731,0.6322927474975586,-0.027934668585658073,A
6,17,0.44253265857696533,0.4639544188976288,-0.01832609809935093,A
6,18,0.4516143798828125,0.5122914910316467,-0.035043612122535706,A
6,19,0.44833600521087646,0.5669071674346924,-0.032503481954336166,A
6,20,0.4487079083919525,0.5996528267860413,-0.023974919691681862,A
7,0,0.3801793158054352,0.6762970089912415,-4.487716012135934e-07,A
7,1,0.4490491449832916,0.684674859046936,-0.02504936046898365,A
7,2,0.5177717208862305,0.6288862228393555,-0.0328819677233696,A
7,3,0.5483158826828003,0.5592526793479919,-0.0383177325129509,A
7,4,0.5653576850891113,0.4943845272064209,-0.04168165847659111,A
7,5,0.5177650451660156,0.5120559334754944,-0.021178197115659714,A
7,6,0.5189653635025024,0.5423881411552429,-0.05429945886135101,A
7,7,0.48944416642189026,0.5986655354499817,-0.07520695775747299,A
7,8,0.463970422744751,0.6415290236473083,-0.08218104392290115,A
7,9,0.477491557598114,0.47736266255378723,-0.01658151112496853,A
7,10,0.4765845239162445,0.5309982299804688,-0.04565325006842613,A
7,11,0.4497392475605011,0.5943483114242554,-0.05325096473097801,A
7,12,0.4306533634662628,0.6437843441963196,-0.051271334290504456,A
7,13,0.4330151677131653,0.4630073308944702,-0.016683783382177353,A
7,14,0.43031933903694153,0.5225464701652527,-0.044238124042749405,A
7,15,0.41476356983184814,0.5838127732276917,-0.04257410764694214,A
7,16,0.4056982398033142,0.629723846912384,-0.03336227685213089,A
7,17,0.3873521089553833,0.4622749090194702,-0.019244562834501266,A
7,18,0.3904739022254944,0.5063158869743347,-0.037615757435560226,A
7,19,0.3878391981124878,0.558961808681488,-0.036183394491672516,A
7,20,0.38816478848457336,0.5939624309539795,-0.028086677193641663,A
8,0,0.30594611167907715,0.7005020380020142,-4.7034529870870756e-07,A
8,1,0.3681018650531769,0.7070972323417664,-0.031214196234941483,A
8,2,0.42786362767219543,0.6545148491859436,-0.04343555122613907,A
8,3,0.45269879698753357,0.587550163269043,-0.05145096033811569,A
8,4,0.4585668742656708,0.523215651512146,-0.05729306861758232,A
8,5,0.42685723304748535,0.5357208251953125,-0.031943898648023605,A
8,6,0.41235584020614624,0.5763311982154846,-0.06909815222024918,A
8,7,0.3847089409828186,0.6317141056060791,-0.09226538985967636,A
8,8,0.36449870467185974,0.6731038093566895,-0.10070112347602844,A
8,9,0.38550224900245667,0.5011317729949951,-0.024966027587652206,A
8,10,0.36902981996536255,0.5633819699287415,-0.058072589337825775,A
8,11,0.34788981080055237,0.624287486076355,-0.06757933646440506,A
8,12,0.33705762028694153,0.6738482117652893,-0.06693795323371887,A
8,13,0.34210604429244995,0.48860520124435425,-0.022783063352108,A
8,14,0.3252617120742798,0.5552670955657959,-0.05209566280245781,A
8,15,0.3175569176673889,0.6130449771881104,-0.051811642944812775,A
8,16,0.31804558634757996,0.657170295715332,-0.04420460760593414,A
8,17,0.2995162308216095,0.49053046107292175,-0.023701058700680733,A
8,18,0.28890904784202576,0.5404696464538574,-0.04389576241374016,A
8,19,0.2892099916934967,0.5919232964515686,-0.04493103548884392,A
8,20,0.296343058347702,0.6252785921096802,-0.038878876715898514,A
9,0,0.3020492494106293,0.6865675449371338,-4.3207836597503047e-07,A
9,1,0.3656995892524719,0.692211389541626,-0.03088364005088806,A
9,2,0.4230055809020996,0.6376383304595947,-0.04281168431043625,A
9,3,0.4456147849559784,0.5683394074440002,-0.05052117630839348,A
9,4,0.44972366094589233,0.5041869878768921,-0.05618181452155113,A
9,5,0.42204660177230835,0.5223042368888855,-0.03336266055703163,A
9,6,0.4062349200248718,0.5578482151031494,-0.06992354989051819,A
9,7,0.37940460443496704,0.6133705377578735,-0.0923706516623497,A
9,8,0.36102181673049927,0.6540673971176147,-0.10069268941879272,A
9,9,0.37986114621162415,0.48844653367996216,-0.026206662878394127,A
9,10,0.36121252179145813,0.5480822324752808,-0.05924760922789574,A
9,11,0.34271490573883057,0.6082170605659485,-0.06849798560142517,A
9,12,0.33401885628700256,0.6565231680870056,-0.06818234920501709,A
9,13,0.3357756733894348,0.4769308567047119,-0.023704389110207558,A
9,14,0.3174298107624054,0.5408852696418762,-0.052996475249528885,A
9,15,0.31258031725883484,0.5983299016952515,-0.052920617163181305,A
9,16,0.31472763419151306,0.6423776149749756,-0.04597853124141693,A
9,17,0.2929762005805969,0.48012110590934753,-0.024179698899388313,A
9,18,0.28116896748542786,0.5286896824836731,-0.04540519043803215,A
9,19,0.2826557159423828,0.5808926224708557,-0.0474318191409111,A
9,20,0.29067015647888184,0.6153937578201294,-0.042240697890520096,A
10,0,0.35331612825393677,0.614047110080719,-4.0376846754952567e-07,A
10,1,0.42076313495635986,0.6188062429428101,-0.028678499162197113,A
10,2,0.48399531841278076,0.5597505569458008,-0.03770550340414047,A
10,3,0.5105621814727783,0.48976969718933105,-0.04356936365365982,A
10,4,0.5241976976394653,0.4257938861846924,-0.04690452665090561,A
10,5,0.48152753710746765,0.44697487354278564,-0.02352595143020153,A
10,6,0.47671663761138916,0.47046923637390137,-0.0589359886944294,A
10,7,0.44992420077323914,0.5270472168922424,-0.08043617755174637,A
10,8,0.4284789264202118,0.569391131401062,-0.08765453100204468,A
10,9,0.44185346364974976,0.41375863552093506,-0.017749320715665817,A
10,10,0.4354906678199768,0.45814192295074463,-0.05160490423440933,A
10,11,0.4128779470920563,0.5245137214660645,-0.06141814962029457,A
10,12,0.39765554666519165,0.5759751200675964,-0.059800196439027786,A
10,13,0.39851370453834534,0.4015886187553406,-0.01709591969847679,A
10,14,0.3899601399898529,0.45171812176704407,-0.04869502782821655,A
10,15,0.3799911439418793,0.5168243646621704,-0.04859418794512749,A
10,16,0.3756447732448578,0.5649869441986084,-0.03957725316286087,A
10,17,0.35466131567955017,0.4030124545097351,-0.019066544249653816,A
10,18,0.35198190808296204,0.44408437609672546,-0.04124986380338669,A
10,19,0.3528253138065338,0.49661263823509216,-0.042438093572854996,A
10,20,0.35781794786453247,0.5308446884155273,-0.03572597727179527,A
11,0,0.40387260913848877,0.5761605501174927,-3.7119230000826064e-07,A
11,1,0.4753493368625641,0.5784558653831482,-0.02378840371966362,A
11,2,0.5453113913536072,0.5151788592338562,-0.02921738475561142,A
11,3,0.5740424990653992,0.4426766633987427,-0.032677337527275085,A
11,4,0.5885117053985596,0.37913358211517334,-0.03383701294660568,A
11,5,0.5379021167755127,0.41048330068588257,-0.013754765503108501,A
11,6,0.5458953976631165,0.41706231236457825,-0.04465843737125397,A
11,7,0.5180181264877319,0.47749635577201843,-0.06344638764858246,A
11,8,0.4940948486328125,0.5239953398704529,-0.06898047775030136,A
11,9,0.49699968099594116,0.37841492891311646,-0.008891471661627293,A
11,10,0.5016837120056152,0.411956787109375,-0.03711939975619316,A
11,11,0.4759679436683655,0.4805837571620941,-0.043387312442064285,A
11,12,0.4577855169773102,0.53045654296875,-0.04004240036010742,A
11,13,0.45177602767944336,0.36435455083847046,-0.009210306219756603,A
11,14,0.45442819595336914,0.40042978525161743,-0.03580881655216217,A
11,15,0.4402365982532501,0.46930286288261414,-0.031067583709955215,A
11,16,0.43207356333732605,0.5186375379562378,-0.01984204724431038,A
11,17,0.40538087487220764,0.36135613918304443,-0.011880021542310715,A
11,18,0.41129231452941895,0.39305660128593445,-0.030131181702017784,A
11,19,0.40861183404922485,0.45128631591796875,-0.026950780302286148,A
11,20,0.4086873233318329,0.4877816438674927,-0.01761901006102562,A
12,0,0.5938507318496704,0.4652484953403473,-3.6052006180398166e-07,A
12,1,0.6621246933937073,0.4760093092918396,-0.023325057700276375,A
12,2,0.7383931279182434,0.4197743535041809,-0.027390073984861374,A
12,3,0.7683752179145813,0.34997090697288513,-0.02995319291949272,A
12,4,0.7814760208129883,0.28815537691116333,-0.02992267720401287,A
12,5,0.7219005227088928,0.3270663022994995,-0.012698349542915821,A
12,6,0.7503734230995178,0.3103320002555847,-0.041088830679655075,A
12,7,0.7231306433677673,0.3694266974925995,-0.055289000272750854,A
12,8,0.6968907117843628,0.41391608119010925,-0.0580870695412159,A
12,9,0.6818482279777527,0.3006743788719177,-0.009149663150310516,A
12,10,0.7109375596046448,0.29441162943840027,-0.03826348856091499,A
12,11,0.6817883849143982,0.36739134788513184,-0.042912907898426056,A
12,12,0.657194972038269,0.41218119859695435,-0.037842169404029846,A
12,13,0.6392556428909302,0.2848096787929535,-0.010525914840400219,A
12,14,0.6658143997192383,0.2775178849697113,-0.041669975966215134,A
12,15,0.6474189758300781,0.3531334698200226,-0.03474808484315872,A
12,16,0.6301553249359131,0.40008100867271423,-0.02074308693408966,A
12,17,0.5926765203475952,0.2768043875694275,-0.013290402479469776,A
12,18,0.621688187122345,0.2713453471660614,-0.03557000681757927,A
12,19,0.6162610650062561,0.3311775326728821,-0.02890201285481453,A
12,20,0.6060119867324829,0.3682820200920105,-0.016833502799272537,A
13,0,0.6521170139312744,0.44820231199264526,-2.9789825362058764e-07,A
13,1,0.7208346724510193,0.4550507366657257,-0.02192015014588833,A
13,2,0.7927725315093994,0.4050288200378418,-0.025818271562457085,A
13,3,0.8238877058029175,0.3413328230381012,-0.029516233131289482,A
13,4,0.840100884437561,0.2802165746688843,-0.03038742020726204,A
13,5,0.7794362902641296,0.31925901770591736,-0.005657793488353491,A
13,6,0.8085792064666748,0.29767554998397827,-0.03453023359179497,A
13,7,0.7848117351531982,0.3505948483943939,-0.04808038845658302,A
13,8,0.760186493396759,0.3936610221862793,-0.049843721091747284,A
13,9,0.744874119758606,0.2934066951274872,-0.0036679101176559925,A
13,10,0.7765096426010132,0.278099000453949,-0.03735315799713135,A
13,11,0.7469902634620667,0.3488263487815857,-0.043843381106853485,A
13,12,0.7227341532707214,0.39890673756599426,-0.03786937892436981,A
13,13,0.7061008810997009,0.2739464044570923,-0.007129312958568335,A
13,14,0.7373887896537781,0.2606489360332489,-0.0444013737142086,A
13,15,0.7142341732978821,0.3381679058074951,-0.039728861302137375,A
13,16,0.694176197052002,0.39097052812576294,-0.024422820657491684,A
13,17,0.6609909534454346,0.2600909471511841,-0.01181455422192812,A
13,18,0.6944201588630676,0.25630879402160645,-0.03971412777900696,A
13,19,0.6863693594932556,0.3181140422821045,-0.035859815776348114,A
13,20,0.6751356720924377,0.35946840047836304,-0.024094656109809875,A
14,0,0.47853410243988037,0.4479844868183136,-4.459944875634392e-07,A
14,1,0.5430504083633423,0.46307432651519775,-0.02622903138399124,A
14,2,0.6174806356430054,0.4003814458847046,-0.030165130272507668,A
14,3,0.6486334204673767,0.3247460722923279,-0.030678395181894302,A
14,4,0.662808358669281,0.26567596197128296,-0.027482645586133003,A
14,5,0.5944033861160278,0.30097696185112,-0.017537681385874748,A
14,6,0.6227284669876099,0.2810611426830292,-0.045722320675849915,A
14,7,0.5987516641616821,0.35394027829170227,-0.056553300470113754,A
14,8,0.5774380564689636,0.39039331674575806,-0.057807546108961105,A
14,9,0.554218053817749,0.28250521421432495,-0.012408353388309479,A
14,10,0.5801878571510315,0.27007952332496643,-0.039916232228279114,A
14,11,0.5578422546386719,0.35469791293144226,-0.04098515212535858,A
14,12,0.5392692685127258,0.38369953632354736,-0.03502592816948891,A
14,13,0.5140855312347412,0.27423396706581116,-0.012504770420491695,A
14,14,0.5387424826622009,0.2668672800064087,-0.04330739006400108,A
14,15,0.5240981578826904,0.3480842113494873,-0.031595442444086075,A
14,16,0.5090912580490112,0.37589195370674133,-0.016320398077368736,A
14,17,0.47018200159072876,0.2697822153568268,-0.013962855562567711,A
14,18,0.4987770915031433,0.2631884515285492,-0.03265465050935745,A
14,19,0.49094241857528687,0.3260447084903717,-0.021919459104537964,A
14,20,0.4784812927246094,0.3502904176712036,-0.009007259272038937,A
15,0,0.2333737015724182,0.48588648438453674,-4.3215155187681376e-07,A
15,1,0.28960075974464417,0.4824511408805847,-0.03180783614516258,A
15,2,0.3374182879924774,0.4062846601009369,-0.039796359837055206,A
15,3,0.3521982431411743,0.3317749798297882,-0.043093908578157425,A
15,4,0.35612788796424866,0.27340590953826904,-0.04441041126847267,A
15,5,0.3130699694156647,0.3144426941871643,-0.023374313488602638,A
15,6,0.3016568720340729,0.31477901339530945,-0.05572907626628876,A
15,7,0.2843863070011139,0.3771524429321289,-0.07534490525722504,A
15,8,0.27140235900878906,0.423137366771698,-0.08165685832500458,A
15,9,0.27425551414489746,0.30702829360961914,-0.013911217451095581,A
15,10,0.2630529999732971,0.31670045852661133,-0.04616854339838028,A
15,11,0.2575914263725281,0.38683533668518066,-0.05560838803648949,A
15,12,0.2528786361217499,0.43410149216651917,-0.053624313324689865,A
15,13,0.23996171355247498,0.31531405448913574,-0.009361662901937962,A
15,14,0.2287413328886032,0.32046231627464294,-0.042016178369522095,A
15,15,0.23250606656074524,0.3863622844219208,-0.039825234562158585,A
15,16,0.23483826220035553,0.43018245697021484,-0.028879264369606972,A
15,17,0.2081124186515808,0.33197957277297974,-0.0068924096412956715,A
15,18,0.2031671106815338,0.325785756111145,-0.03243662044405937,A
15,19,0.20815756916999817,0.3787907063961029,-0.03146805986762047,A
15,20,0.21380923688411713,0.4154382646083832,-0.022350722923874855,A
16,0,0.27536794543266296,0.5329867601394653,-4.6276431930891704e-07,A
16,1,0.3312416672706604,0.547247052192688,-0.03064580075442791,A
16,2,0.3944401443004608,0.4735792577266693,-0.03797950595617294,A
16,3,0.4167073965072632,0.3906228244304657,-0.04087982326745987,A
16,4,0.408681720495224,0.32887911796569824,-0.04046814143657684,A
16,5,0.37314698100090027,0.36511069536209106,-0.023342087864875793,A
16,6,0.37805426120758057,0.3636426329612732,-0.06011040881276131,A
16,7,0.35601648688316345,0.4336179196834564,-0.07916257530450821,A
16,8,0.3399375081062317,0.4776490032672882,-0.08469920605421066,A
16,9,0.33389735221862793,0.343864768743515,-0.01622423529624939,A
16,10,0.34189534187316895,0.35975220799446106,-0.05179411172866821,A
16,11,0.3275030851364136,0.44041815400123596,-0.05636356770992279,A
16,12,0.3175791800022125,0.48171266913414,-0.05076463520526886,A
16,13,0.294492244720459,0.3401610553264618,-0.015169139951467514,A
16,14,0.30038684606552124,0.35736650228500366,-0.05105104297399521,A
16,15,0.2951255142688751,0.43471428751945496,-0.04321807250380516,A
16,16,0.2909568250179291,0.4733375310897827,-0.028823014348745346,A
16,17,0.25437307357788086,0.3456023335456848,-0.016274578869342804,A
16,18,0.263731986284256,0.3586762547492981,-0.04148570075631142,A
16,19,0.2638988196849823,0.42198121547698975,-0.03761724755167961,A
16,20,0.26418203115463257,0.45366597175598145,-0.02734442800283432,A
17,0,0.4090304374694824,0.6409780979156494,-5.194621053306037e-07,A
17,1,0.48012322187423706,0.6590589284896851,-0.027966540306806564,A
17,2,0.5595147013664246,0.599919855594635,-0.034664466977119446,A
17,3,0.5937280654907227,0.5242692828178406,-0.03821765258908272,A
17,4,0.6114904880523682,0.4588444232940674,-0.03839312493801117,A
17,5,0.5657615065574646,0.4802408516407013,-0.021230874583125114,A
17,6,0.5670493841171265,0.5015311241149902,-0.056294072419404984,A
17,7,0.5273737907409668,0.5650085210800171,-0.07479457557201385,A
17,8,0.49819719791412354,0.6071118712425232,-0.07947681844234467,A
17,9,0.525406539440155,0.43567532300949097,-0.01548323966562748,A
17,10,0.5200644135475159,0.4802537262439728,-0.047792911529541016,A
17,11,0.4848017990589142,0.5533648729324341,-0.0521664172410965,A
17,12,0.46371614933013916,0.600997805595398,-0.04660951346158981,A
17,13,0.4789774715900421,0.41394713521003723,-0.015375952236354351,A
17,14,0.47159385681152344,0.46159180998802185,-0.04736603423953056,A
17,15,0.44915565848350525,0.5366690158843994,-0.042050011456012726,A
17,16,0.438169926404953,0.5858408212661743,-0.029333066195249557,A
17,17,0.4306928515434265,0.40660494565963745,-0.017746632918715477,A
17,18,0.4270772635936737,0.44608238339424133,-0.038952723145484924,A
17,19,0.42047011852264404,0.5084965229034424,-0.03655724972486496,A
17,20,0.42103612422943115,0.5457419753074646,-0.02727982960641384,A
18,0,0.48044317960739136,0.6336793303489685,-4.5051658048578247e-07,A
18,1,0.5494345426559448,0.6546186208724976,-0.02823694422841072,A
18,2,0.6304158568382263,0.6052830815315247,-0.03588258475065231,A
18,3,0.6705127954483032,0.5369964241981506,-0.04030877351760864,A
18,4,0.6952442526817322,0.47440218925476074,-0.04138755798339844,A
18,5,0.6381050944328308,0.48345011472702026,-0.021650973707437515,A
18,6,0.6566986441612244,0.5056105256080627,-0.05410576984286308,A
18,7,0.6190952062606812,0.5632652640342712,-0.07130590081214905,A
18,8,0.5858691334724426,0.6055530309677124,-0.0753258541226387,A
18,9,0.6018626093864441,0.44023388624191284,-0.01567821390926838,A
18,10,0.6121537685394287,0.48463010787963867,-0.04630642756819725,A
18,11,0.5716133117675781,0.5537163615226746,-0.050563566386699677,A
18,12,0.5441148281097412,0.6015483736991882,-0.04469551146030426,A
18,13,0.5581225752830505,0.41752734780311584,-0.014996916055679321,A
18,14,0.5638787150382996,0.4648285210132599,-0.04584399238228798,A
18,15,0.5359996557235718,0.5371251106262207,-0.040641531348228455,A
18,16,0.5191898941993713,0.5870485901832581,-0.02757832407951355,A
18,17,0.5109504461288452,0.40759676694869995,-0.016746848821640015,A
18,18,0.5189898014068604,0.44695907831192017,-0.038446467369794846,A
18,19,0.5110973119735718,0.5075333714485168,-0.03551916033029556,A
18,20,0.5083611607551575,0.5455073118209839,-0.025318453088402748,A
19,0,0.4187777638435364,0.6781577467918396,-4.762040362038533e-07,A
19,1,0.4940696954727173,0.6924668550491333,-0.026787124574184418,A
19,2,0.5723060369491577,0.6391074657440186,-0.03449287638068199,A
19,3,0.6057773232460022,0.5675945281982422,-0.039499033242464066,A
19,4,0.6267862319946289,0.5038103461265564,-0.04181081801652908,A
19,5,0.5762878656387329,0.5123756527900696,-0.02109181135892868,A
19,6,0.5791186690330505,0.5426552891731262,-0.05468977615237236,A
19,7,0.5419539213180542,0.6009423136711121,-0.07541728019714355,A
19,8,0.5126832723617554,0.6425141096115112,-0.08232241123914719,A
19,9,0.5356590151786804,0.469537615776062,-0.01562911458313465,A
19,10,0.5344805121421814,0.5263248682022095,-0.04614308476448059,A
19,11,0.49954646825790405,0.5925087928771973,-0.053175874054431915,A
19,12,0.4764392375946045,0.6435361504554749,-0.05019248276948929,A
19,13,0.4899563491344452,0.4489406645298004,-0.015238145366311073,A
19,14,0.4850919544696808,0.5105323791503906,-0.044872432947158813,A
19,15,0.46324655413627625,0.5776889324188232,-0.043123211711645126,A
19,16,0.4513552188873291,0.6286466121673584,-0.03320865333080292,A
19,17,0.44145044684410095,0.443294882774353,-0.01745745539665222,A
19,18,0.44074884057044983,0.4919082820415497,-0.038210492581129074,A
19,19,0.4372583031654358,0.5510315895080566,-0.03820202872157097,A
19,20,0.438979834318161,0.5910586714744568,-0.030491380020976067,A
20,0,0.5422982573509216,0.713648796081543,-5.009653136767156e-07,A
20,1,0.6214927434921265,0.7335817813873291,-0.027728501707315445,A
20,2,0.7052739858627319,0.6734147071838379,-0.03660556301474571,A
20,3,0.7423612475395203,0.5954708456993103,-0.04339243471622467,A
20,4,0.7772597074508667,0.533105731010437,-0.046890322118997574,A
20,5,0.7117209434509277,0.5393808484077454,-0.018783701583743095,A
20,6,0.7384475469589233,0.5815041065216064,-0.05699685215950012,A
20,7,0.6986768245697021,0.6470447182655334,-0.07949867099523544,A
20,8,0.6621716022491455,0.694114625453949,-0.08611667901277542,A
20,9,0.6705235242843628,0.49633145332336426,-0.01473891269415617,A
20,10,0.6895465850830078,0.5648897886276245,-0.04795911908149719,A
20,11,0.6460848450660706,0.6362886428833008,-0.0535554401576519,A
20,12,0.6147222518920898,0.6828421354293823,-0.048229917883872986,A
20,13,0.6223227977752686,0.4762304425239563,-0.01688084378838539,A
20,14,0.6375889778137207,0.5497689247131348,-0.050535038113594055,A
20,15,0.6069011092185974,0.6208149194717407,-0.04575666785240173,A
20,16,0.5861764550209045,0.6651847958564758,-0.03208553418517113,A
20,17,0.5706263780593872,0.4706389605998993,-0.02143550105392933,A
20,18,0.5897542238235474,0.5223920941352844,-0.04259486868977547,A
20,19,0.579953134059906,0.5848678350448608,-0.03726102411746979,A
20,20,0.5719393491744995,0.6206961870193481,-0.024923820048570633,A
21,0,0.618175745010376,0.7419202327728271,-4.676156208915927e-07,A
21,1,0.7025489807128906,0.7680568695068359,-0.025776682421565056,A
21,2,0.7940526008605957,0.719184935092926,-0.03360729664564133,A
21,3,0.8400352597236633,0.6481450796127319,-0.04040389880537987,A
21,4,0.8731106519699097,0.5782352685928345,-0.043625980615615845,A
21,5,0.7976555228233337,0.5717146396636963,-0.014668564312160015,A
21,6,0.8374025225639343,0.6261636018753052,-0.051820941269397736,A
21,7,0.790641725063324,0.6876701712608337,-0.07266528159379959,A
21,8,0.7497648596763611,0.7273127436637878,-0.07880473881959915,A
21,9,0.7624870538711548,0.5279768705368042,-0.012895377352833748,A
21,10,0.7913835048675537,0.605831503868103,-0.046448610723018646,A
21,11,0.7387266159057617,0.6745849251747131,-0.051627591252326965,A
21,12,0.7033984065055847,0.7151300311088562,-0.04581974074244499,A
21,13,0.717407763004303,0.5073744058609009,-0.017300419509410858,A
21,14,0.743916928768158,0.585629940032959,-0.05155616253614426,A
21,15,0.7013841867446899,0.6555339694023132,-0.044186800718307495,A
21,16,0.6740314960479736,0.6960698962211609,-0.028460359200835228,A
21,17,0.66704922914505,0.49978989362716675,-0.024112029001116753,A
21,18,0.690622866153717,0.560289740562439,-0.04585869237780571,A
21,19,0.6738666892051697,0.6233252882957458,-0.03899731859564781,A
21,20,0.6624001264572144,0.6578516364097595,-0.025299953296780586,A
22,0,0.5889038443565369,0.6251925826072693,-3.913648924935842e-07,A
22,1,0.6645441651344299,0.6325158476829529,-0.024722261354327202,A
22,2,0.74906325340271,0.5698859691619873,-0.03148355707526207,A
22,3,0.7911246418952942,0.4975593090057373,-0.03726134076714516,A
22,4,0.8095078468322754,0.4240626096725464,-0.04055187106132507,A
22,5,0.7428066730499268,0.442204087972641,-0.014060146175324917,A
22,6,0.7763338685035706,0.4644773304462433,-0.04729793593287468,A
22,7,0.7401800751686096,0.5307825803756714,-0.0666894018650055,A
22,8,0.7068390846252441,0.578595757484436,-0.0717342346906662,A
22,9,0.7012029886245728,0.40465617179870605,-0.011217783205211163,A
22,10,0.7284420728683472,0.44946813583374023,-0.041083794087171555,A
22,11,0.6890142560005188,0.5275163054466248,-0.04555078595876694,A
22,12,0.6598315834999084,0.5804985761642456,-0.03957600146532059,A
22,13,0.6516707539558411,0.3877161145210266,-0.014140003360807896,A
22,14,0.6757102012634277,0.4363304376602173,-0.04518122598528862,A
22,15,0.6479830145835876,0.5158013701438904,-0.0389181487262249,A
22,16,0.6282854080200195,0.5699658393859863,-0.02444375492632389,A
22,17,0.600132405757904,0.3845522999763489,-0.01912517659366131,A
22,18,0.6261880993843079,0.41808128356933594,-0.038890376687049866,A
22,19,0.6187870502471924,0.4835789203643799,-0.031849540770053864,A
22,20,0.6107968091964722,0.5266121029853821,-0.01851842924952507,A
23,0,0.5585301518440247,0.5808813571929932,-4.4464442794378556e-07,A
23,1,0.6381257772445679,0.5852397084236145,-0.029244879260659218,A
23,2,0.7228890657424927,0.5145564079284668,-0.03578205779194832,A
23,3,0.7589726448059082,0.43599262833595276,-0.039909251034259796,A
23,4,0.7740172743797302,0.3627813458442688,-0.04053241014480591,A
23,5,0.7093210220336914,0.39484935998916626,-0.01800426095724106,A
23,6,0.7361724376678467,0.40306007862091064,-0.05189808830618858,A
23,7,0.6998690962791443,0.4741423726081848,-0.06924143433570862,A
23,8,0.6684550046920776,0.5244601964950562,-0.07286632806062698,A
23,9,0.6657088994979858,0.35732048749923706,-0.012691727839410305,A
23,10,0.6866061687469482,0.3848362863063812,-0.04697412997484207,A
23,11,0.6497726440429688,0.47069987654685974,-0.052023109048604965,A
23,12,0.6245501637458801,0.5291258096694946,-0.045126356184482574,A
23,13,0.6159606575965881,0.34082651138305664,-0.013320524245500565,A
23,14,0.6320640444755554,0.3742917776107788,-0.048792436718940735,A
23,15,0.6091495752334595,0.4611974060535431,-0.042750176042318344,A
23,16,0.5947961807250977,0.519609808921814,-0.027305813506245613,A
23,17,0.5638936161994934,0.33614400029182434,-0.01621822826564312,A
23,18,0.5841649174690247,0.3631274402141571,-0.04037861153483391,A
23,19,0.5801321268081665,0.43162140250205994,-0.03544153645634651,A
23,20,0.5772420167922974,0.47434133291244507,-0.02299838699400425,A
24,0,0.660239577293396,0.5861406326293945,-4.110060274342686e-07,A
24,1,0.7433301210403442,0.5875859260559082,-0.026394996792078018,A
24,2,0.8263708353042603,0.5169786214828491,-0.03329794853925705,A
24,3,0.8578306436538696,0.4368818402290344,-0.038838550448417664,A
24,4,0.8738738894462585,0.36302316188812256,-0.040767692029476166,A
24,5,0.8079979419708252,0.3914305865764618,-0.01310888584703207,A
24,6,0.8447142839431763,0.40605661273002625,-0.046567466109991074,A
24,7,0.8106869459152222,0.47584664821624756,-0.06406822800636292,A
24,8,0.7795404195785522,0.5263667702674866,-0.06801392883062363,A
24,9,0.7662262916564941,0.3576837480068207,-0.010339673608541489,A
24,10,0.8000908493995667,0.3900386691093445,-0.043496038764715195,A
24,11,0.7628353834152222,0.4737960696220398,-0.048167359083890915,A
24,12,0.73586106300354,0.5291060209274292,-0.04135867580771446,A
24,13,0.7184389233589172,0.3433050513267517,-0.013532226905226707,A
24,14,0.7515571713447571,0.37858784198760986,-0.04832267761230469,A
24,15,0.7251681685447693,0.46426647901535034,-0.04012789949774742,A
24,16,0.7052227258682251,0.5192302465438843,-0.023285185918211937,A
24,17,0.6660903692245483,0.3401697874069214,-0.018902260810136795,A
24,18,0.7002918124198914,0.367138147354126,-0.041960980743169785,A
24,19,0.6941465735435486,0.4367924630641937,-0.033941298723220825,A
24,20,0.6863194704055786,0.4787617325782776,-0.019276533275842667,A
25,0,0.5278733968734741,0.6028903722763062,-5.517064778359781e-07,A
25,1,0.6044736504554749,0.6021988391876221,-0.02950350195169449,A
25,2,0.6852788329124451,0.5283676981925964,-0.0380159392952919,A
25,3,0.7259145975112915,0.4491029977798462,-0.04356218874454498,A
25,4,0.7442938685417175,0.37681344151496887,-0.04505588859319687,A
25,5,0.6666346788406372,0.39930009841918945,-0.02064116671681404,A
25,6,0.7021737098693848,0.4159884452819824,-0.05549011752009392,A
25,7,0.6659152507781982,0.49583613872528076,-0.07366405427455902,A
25,8,0.6346212029457092,0.5327014923095703,-0.07959745824337006,A
25,9,0.6211634278297424,0.37029406428337097,-0.015810267999768257,A
25,10,0.650686502456665,0.40481194853782654,-0.047813352197408676,A
25,11,0.6162774562835693,0.491451621055603,-0.05134750157594681,A
25,12,0.5913514494895935,0.5284770131111145,-0.046216145157814026,A
25,13,0.5717107653617859,0.3608412742614746,-0.016977863386273384,A
25,14,0.6022149920463562,0.3993065655231476,-0.050765443593263626,A
25,15,0.578848123550415,0.48171547055244446,-0.04090356081724167,A
25,16,0.5603910684585571,0.5174144506454468,-0.025282759219408035,A
25,17,0.5203283429145813,0.36171579360961914,-0.020259805023670197,A
25,18,0.5551936626434326,0.38616931438446045,-0.039431147277355194,A
25,19,0.5456701517105103,0.450137734413147,-0.029082173481583595,A
25,20,0.5319681763648987,0.47676825523376465,-0.014805858954787254,A
26,0,0.24328403174877167,0.5980788469314575,-4.6329054725902097e-07,A
26,1,0.3100110590457916,0.5958795547485352,-0.03897353261709213,A
26,2,0.3692494034767151,0.5136940479278564,-0.050491854548454285,A
26,3,0.3857448697090149,0.4268331527709961,-0.056081682443618774,A
26,4,0.385577917098999,0.35912927985191345,-0.058225881308317184,A
26,5,0.33783257007598877,0.39333224296569824,-0.03295867517590523,A
26,6,0.32709529995918274,0.40916121006011963,-0.07135391235351562,A
26,7,0.3091868460178375,0.4853821098804474,-0.09318996965885162,A
26,8,0.2958989441394806,0.5353161096572876,-0.0999288335442543,A
26,9,0.2933637499809265,0.37525057792663574,-0.020795032382011414,A
26,10,0.28186121582984924,0.41602659225463867,-0.05562615394592285,A
26,11,0.2793247401714325,0.49458879232406616,-0.06372924894094467,A
26,12,0.2764585614204407,0.5409636497497559,-0.061194323003292084,A
26,13,0.2517893314361572,0.37963151931762695,-0.014521139673888683,A
26,14,0.24058717489242554,0.4156448543071747,-0.04864874109625816,A
26,15,0.248253732919693,0.48774680495262146,-0.04523497447371483,A
26,16,0.25341254472732544,0.5316314101219177,-0.03392435610294342,A
26,17,0.21212710440158844,0.39593377709388733,-0.011361073702573776,A
26,18,0.20900538563728333,0.4162432551383972,-0.037427570670843124,A
26,19,0.21864840388298035,0.47569653391838074,-0.03724623844027519,A
26,20,0.2269752472639084,0.5147508382797241,-0.02841866761445999,A
27,0,0.22846069931983948,0.6084454655647278,-5.011071380067733e-07,A
27,1,0.2926921546459198,0.5945625901222229,-0.03972678631544113,A
27,2,0.3455049693584442,0.5138271450996399,-0.052530109882354736,A
27,3,0.3575088083744049,0.4294087588787079,-0.05905161425471306,A
27,4,0.35072261095046997,0.3627299964427948,-0.06236500293016434,A
27,5,0.31947073340415955,0.39399945735931396,-0.03820127621293068,A
27,6,0.30619174242019653,0.4184498190879822,-0.07728676497936249,A
27,7,0.2891214191913605,0.4930552840232849,-0.09954513609409332,A
27,8,0.27690523862838745,0.5448486804962158,-0.10667290538549423,A
27,9,0.27258116006851196,0.3726082742214203,-0.026273516938090324,A
27,10,0.2560827434062958,0.42002153396606445,-0.06410271674394608,A
27,11,0.25093168020248413,0.4986083507537842,-0.07411203533411026,A
27,12,0.25091293454170227,0.5538120269775391,-0.0721595510840416,A
27,13,0.22807782888412476,0.3755078911781311,-0.01977160945534706,A
27,14,0.21180449426174164,0.4273172616958618,-0.05452373996376991,A
27,15,0.2184644341468811,0.49801039695739746,-0.05383706092834473,A
27,16,0.2269599735736847,0.5480673909187317,-0.04404915124177933,A
27,17,0.18624058365821838,0.3922049105167389,-0.016666756942868233,A
27,18,0.17626087367534637,0.4314113259315491,-0.04224628582596779,A
27,19,0.18582484126091003,0.48853573203086853,-0.04467267170548439,A
27,20,0.19811442494392395,0.5258665680885315,-0.03796394541859627,A
28,0,0.24730072915554047,0.6231939792633057,-4.5468959797290154e-07,A
28,1,0.3276415467262268,0.602942943572998,-0.027290211990475655,A
28,2,0.3930562436580658,0.528968095779419,-0.037006545811891556,A
28,3,0.4150163233280182,0.448579877614975,-0.044286344200372696,A
28,4,0.4144178628921509,0.3752071261405945,-0.048933930695056915,A
28,5,0.36833059787750244,0.39783725142478943,-0.02302597276866436,A
28,6,0.38212472200393677,0.4355813264846802,-0.05973924696445465,A
28,7,0.35692593455314636,0.5044112801551819,-0.08407564461231232,A
28,8,0.3352926969528198,0.5543445348739624,-0.09340951591730118,A
28,9,0.32017508149147034,0.37119805812835693,-0.018761809915304184,A
28,10,0.33598262071609497,0.43596962094306946,-0.05226685851812363,A
28,11,0.3141558766365051,0.5114619731903076,-0.06248774006962776,A
28,12,0.2997322976589203,0.5685829520225525,-0.06161883473396301,A
28,13,0.27192452549934387,0.3695316016674042,-0.01948879100382328,A
28,14,0.28442102670669556,0.4415883719921112,-0.05030329152941704,A
28,15,0.27592188119888306,0.5112175345420837,-0.049684520810842514,A
28,16,0.27329403162002563,0.5624715089797974,-0.04039645940065384,A
28,17,0.2239006757736206,0.38377267122268677,-0.023099906742572784,A
28,18,0.2373582422733307,0.4371795654296875,-0.04383150860667229,A
28,19,0.24410143494606018,0.4926469027996063,-0.04355480149388313,A
28,20,0.2519385516643524,0.528462827205658,-0.035564642399549484,A
29,0,0.2477063536643982,0.7814233303070068,-5.530817475118965e-07,A
29,1,0.31874069571495056,0.7677781581878662,-0.026117000728845596,A
29,2,0.3781348764896393,0.7000195980072021,-0.036909379065036774,A
29,3,0.39961737394332886,0.6260668039321899,-0.045150939375162125,A
29,4,0.39973777532577515,0.5576313734054565,-0.05076073110103607,A
29,5,0.3605596721172333,0.5609374046325684,-0.0237249918282032,A
29,6,0.3732375204563141,0.6281333565711975,-0.0629473477602005,A
29,7,0.347301721572876,0.6956383585929871,-0.08948476612567902,A
29,8,0.32595956325531006,0.7417781949043274,-0.10036223381757736,A
29,9,0.3135567009449005,0.5374956727027893,-0.0208267904818058,A
29,10,0.3253711760044098,0.6273349523544312,-0.0525151826441288,A
29,11,0.3036757707595825,0.6960289478302002,-0.06128393113613129,A
29,12,0.2913137376308441,0.742918074131012,-0.06092648208141327,A
29,13,0.26546478271484375,0.5389451384544373,-0.023120732977986336,A
29,14,0.2760554254055023,0.6344567537307739,-0.04929746314883232,A
29,15,0.26640626788139343,0.6944660544395447,-0.044893648475408554,A
29,16,0.26477909088134766,0.7308464050292969,-0.03516537323594093,A
29,17,0.21872460842132568,0.5560163259506226,-0.02882971242070198,A
29,18,0.23126395046710968,0.6279209852218628,-0.04184121638536453,A
29,19,0.23350808024406433,0.6773770451545715,-0.037081390619277954,A
29,20,0.23813016712665558,0.7007570266723633,-0.02810015343129635,A
30,0,0.23555201292037964,0.9093329906463623,-4.5510043378271803e-07,A
30,1,0.302708238363266,0.8920901417732239,-0.02863282896578312,A
30,2,0.35214704275131226,0.8368414640426636,-0.042844440788030624,A
30,3,0.3698311746120453,0.7743881940841675,-0.053838957101106644,A
30,4,0.3715037703514099,0.7128530740737915,-0.06207088381052017,A
30,5,0.33203044533729553,0.7043015956878662,-0.030017288401722908,A
30,6,0.34713393449783325,0.7803125977516174,-0.06952352821826935,A
30,7,0.32298538088798523,0.8442320823669434,-0.09611273556947708,A
30,8,0.3021027445793152,0.883581280708313,-0.10813824087381363,A
30,9,0.28403162956237793,0.6846275329589844,-0.026858678087592125,A
30,10,0.3000825047492981,0.7814344763755798,-0.05934668332338333,A
30,11,0.2816893458366394,0.845299243927002,-0.06885826587677002,A
30,12,0.2701946198940277,0.8819829225540161,-0.0700753927230835,A
30,13,0.23765966296195984,0.6910216212272644,-0.028559722006320953,A
30,14,0.2541342079639435,0.791500449180603,-0.055632125586271286,A
30,15,0.24731698632240295,0.8438616991043091,-0.05187918245792389,A
30,16,0.24586614966392517,0.867397665977478,-0.04336906969547272,A
30,17,0.194230854511261,0.712720513343811,-0.03367048501968384,A
30,18,0.2121140956878662,0.7857025265693665,-0.048373669385910034,A
30,19,0.2180793285369873,0.8269051313400269,-0.04439333826303482,A
30,20,0.22280725836753845,0.8391690850257874,-0.03638913854956627,A
31,0,0.23536579310894012,0.9245060682296753,-3.747890957583877e-07,A
31,1,0.2974739074707031,0.9018747210502625,-0.023432789370417595,A
31,2,0.34304583072662354,0.8493044972419739,-0.036474648863077164,A
31,3,0.3591849207878113,0.789094090461731,-0.047704510390758514,A
31,4,0.3526540994644165,0.7334647178649902,-0.057392995804548264,A
31,5,0.3207286298274994,0.7281817197799683,-0.023844778537750244,A
31,6,0.3285368084907532,0.7959142327308655,-0.06114235520362854,A
31,7,0.31267738342285156,0.855064868927002,-0.08807023614645004,A
31,8,0.29937344789505005,0.8914951682090759,-0.10037484019994736,A
31,9,0.27509501576423645,0.7120294570922852,-0.021969540044665337,A
31,10,0.2872351408004761,0.7982288599014282,-0.05139518901705742,A
31,11,0.27507147192955017,0.8568891882896423,-0.061040204018354416,A
31,12,0.26801082491874695,0.8947615623474121,-0.06275168806314468,A
31,13,0.2308150827884674,0.7180084586143494,-0.02451471984386444,A
31,14,0.24373281002044678,0.8074207901954651,-0.049011122435331345,A
31,15,0.2404126524925232,0.8570810556411743,-0.04652293771505356,A
31,16,0.2417411208152771,0.8839949369430542,-0.03918968141078949,A
31,17,0.1905439794063568,0.7390955090522766,-0.03005155362188816,A
31,18,0.20410075783729553,0.8048741221427917,-0.042632732540369034,A
31,19,0.2088402807712555,0.8444036245346069,-0.03930400684475899,A
31,20,0.21225708723068237,0.8591713905334473,-0.03210951387882233,A
32,0,0.23053348064422607,0.7074782848358154,-3.983898295700783e-07,A
32,1,0.2966577112674713,0.6868494153022766,-0.021763768047094345,A
32,2,0.3514844477176666,0.6207967400550842,-0.029625065624713898,A
32,3,0.36884060502052307,0.5509679317474365,-0.035918448120355606,A
32,4,0.3629356026649475,0.488268107175827,-0.04034002125263214,A
32,5,0.3271486759185791,0.5122661590576172,-0.01640666462481022,A
32,6,0.3384076654911041,0.5406842827796936,-0.04780317097902298,A
32,7,0.31955838203430176,0.6011531949043274,-0.06909115612506866,A
32,8,0.30436983704566956,0.6445428133010864,-0.07710317522287369,A
32,9,0.2852001190185547,0.4922197461128235,-0.013111990876495838,A
32,10,0.29795071482658386,0.5443485379219055,-0.0400586873292923,A
32,11,0.2827286124229431,0.6093446016311646,-0.04776638001203537,A
32,12,0.2747020721435547,0.6576257944107056,-0.04656044393777847,A
32,13,0.2432662397623062,0.49251222610473633,-0.014338839799165726,A
32,14,0.25364869832992554,0.5519445538520813,-0.03952668607234955,A
32,15,0.24907203018665314,0.6117437481880188,-0.038180407136678696,A
32,16,0.2505902945995331,0.6546260714530945,-0.029814379289746284,A
32,17,0.20279288291931152,0.5056573748588562,-0.017854997888207436,A
32,18,0.21450668573379517,0.5474309921264648,-0.033516623079776764,A
32,19,0.22063565254211426,0.5948217511177063,-0.03193311393260956,A
32,20,0.2283402979373932,0.625032365322113,-0.024517174810171127,A
33,0,0.23602434992790222,0.5794249773025513,-3.880735732764151e-07,A
33,1,0.30352112650871277,0.5612651705741882,-0.024425432085990906,A
33,2,0.3603699505329132,0.4862615466117859,-0.0309030469506979,A
33,3,0.3753328323364258,0.41292572021484375,-0.03512433171272278,A
33,4,0.3752816915512085,0.34992313385009766,-0.03665304556488991,A
33,5,0.3344001770019531,0.38180458545684814,-0.01613052561879158,A
33,6,0.3483133614063263,0.3951186537742615,-0.04723765328526497,A
33,7,0.3298272490501404,0.45974528789520264,-0.06584108620882034,A
33,8,0.31346195936203003,0.5086743831634521,-0.07154884189367294,A
33,9,0.2922622859477997,0.3605535328388214,-0.011522947810590267,A
33,10,0.3076540231704712,0.3947804868221283,-0.041892100125551224,A
33,11,0.29106757044792175,0.46933406591415405,-0.049120403826236725,A
33,12,0.2796235978603363,0.5230221152305603,-0.04549963399767876,A
33,13,0.2503364682197571,0.3604670763015747,-0.011710494756698608,A
33,14,0.2622843086719513,0.40122681856155396,-0.04079478606581688,A
33,15,0.2573990225791931,0.4722873270511627,-0.0379193052649498,A
33,16,0.25637057423591614,0.5215606689453125,-0.026810498908162117,A
33,17,0.20884498953819275,0.37263041734695435,-0.014139262959361076,A
33,18,0.22214481234550476,0.4055507183074951,-0.033904068171978,A
33,19,0.22912436723709106,0.4584064483642578,-0.032169971615076065,A
33,20,0.2360786497592926,0.49007150530815125,-0.023415111005306244,A
34,0,0.24166172742843628,0.6193202137947083,-3.879424923525221e-07,A
34,1,0.31081098318099976,0.5969253182411194,-0.02390270121395588,A
34,2,0.3673239052295685,0.5247090458869934,-0.03116828389465809,A
34,3,0.38310521841049194,0.4519810974597931,-0.03614842891693115,A
34,4,0.37992846965789795,0.3887084126472473,-0.03860815241932869,A
34,5,0.3381099998950958,0.41472262144088745,-0.018282923847436905,A
34,6,0.3520019054412842,0.4359624981880188,-0.04965513199567795,A
34,7,0.3348028063774109,0.5004392266273499,-0.06912019848823547,A
34,8,0.31915798783302307,0.5479573607444763,-0.07553568482398987,A
34,9,0.29545894265174866,0.3938229978084564,-0.013946651481091976,A
34,10,0.31053951382637024,0.4387829303741455,-0.042878881096839905,A
34,11,0.2955348491668701,0.5107036232948303,-0.05012129247188568,A
34,12,0.28603771328926086,0.5631857514381409,-0.04758758097887039,A
34,13,0.2531268000602722,0.3943442702293396,-0.014215575531125069,A
34,14,0.2658918499946594,0.4457719922065735,-0.04183799773454666,A
34,15,0.261124849319458,0.5123957991600037,-0.0401628240942955,A
34,16,0.2609415352344513,0.5599071383476257,-0.030799005180597305,A
34,17,0.2112700641155243,0.4085167646408081,-0.016798699274659157,A
34,18,0.22466418147087097,0.4494633078575134,-0.035560209304094315,A
34,19,0.23201251029968262,0.5005965232849121,-0.03491408750414848,A
34,20,0.24001532793045044,0.532781183719635,-0.027423886582255363,A

1,0,0.2700205147266388,0.7999645471572876,2.7499172006173467e-07,B
1,1,0.31324058771133423,0.7731029987335205,-0.027983099222183228,B
1,2,0.3416667580604553,0.7129621505737305,-0.03809121623635292,B
1,3,0.3170078992843628,0.658993124961853,-0.04553213715553284,B
1,4,0.28130054473876953,0.640674889087677,-0.05241803824901581,B
1,5,0.33907583355903625,0.6206503510475159,-0.01726711355149746,B
1,6,0.3419368863105774,0.5442409515380859,-0.03128569945693016,B
1,7,0.33889713883399963,0.4962746798992157,-0.04465194791555405,B
1,8,0.33511433005332947,0.45355165004730225,-0.05517912656068802,B
1,9,0.30756548047065735,0.6075547933578491,-0.01563483662903309,B
1,10,0.3109205663204193,0.5260857939720154,-0.02727302350103855,B
1,11,0.3106171190738678,0.4716157615184784,-0.04105864837765694,B
1,12,0.3104301393032074,0.42434805631637573,-0.0517205111682415,B
1,13,0.27920448780059814,0.6118018627166748,-0.017522133886814117,B
1,14,0.2823638916015625,0.5371874570846558,-0.028713423758745193,B
1,15,0.28455743193626404,0.48752468824386597,-0.04062361270189285,B
1,16,0.2852424085140228,0.4450179934501648,-0.04919428005814552,B
1,17,0.2506231367588043,0.6292833089828491,-0.02252044342458248,B
1,18,0.2541416585445404,0.5712679624557495,-0.03221350163221359,B
1,19,0.2575340270996094,0.5327007174491882,-0.03802790120244026,B
1,20,0.26012346148490906,0.497653603553772,-0.04244493693113327,B
2,0,0.309315025806427,0.8108944296836853,2.6141120201828016e-07,B
2,1,0.35921820998191833,0.7827906608581543,-0.02358924224972725,B
2,2,0.38987356424331665,0.7159988880157471,-0.03082737885415554,B
2,3,0.36760586500167847,0.6563281416893005,-0.03600466623902321,B
2,4,0.3290618360042572,0.6421544551849365,-0.041106946766376495,B
2,5,0.38500380516052246,0.6240612268447876,-0.015724623575806618,B
2,6,0.38906532526016235,0.5435877442359924,-0.0287923663854599,B
2,7,0.3861847519874573,0.49263879656791687,-0.04118536040186882,B
2,8,0.3818191587924957,0.44747743010520935,-0.051207516342401505,B
2,9,0.3521585464477539,0.6102533936500549,-0.016384460031986237,B
2,10,0.35700827836990356,0.5236570239067078,-0.02694891020655632,B
2,11,0.3580874502658844,0.46673932671546936,-0.038987867534160614,B
2,12,0.35778382420539856,0.418159544467926,-0.04841053858399391,B
2,13,0.32124418020248413,0.6142770051956177,-0.02007237821817398,B
2,14,0.32427164912223816,0.5330409407615662,-0.031051965430378914,B
2,15,0.3279367685317993,0.47950050234794617,-0.0419200174510479,B
2,16,0.32924139499664307,0.4336842894554138,-0.049625083804130554,B
2,17,0.2898637056350708,0.6311351656913757,-0.02644982375204563,B
2,18,0.2954734265804291,0.5669295787811279,-0.03677945211529732,B
2,19,0.3009187579154968,0.5251573920249939,-0.04206937551498413,B
2,20,0.30467259883880615,0.4885089099407196,-0.0458899661898613,B
3,0,0.42206162214279175,0.8209384083747864,2.737621969117754e-07,B
3,1,0.47502103447914124,0.801850438117981,-0.024013973772525787,B
3,2,0.5177295207977295,0.7448441386222839,-0.034358806908130646,B
3,3,0.5118688344955444,0.6826332807540894,-0.043194305151700974,B
3,4,0.47630688548088074,0.660642147064209,-0.05254795774817467,B
3,5,0.5141588449478149,0.6300363540649414,-0.020081093534827232,B
3,6,0.5251139998435974,0.5465573668479919,-0.03610670939087868,B
3,7,0.5264582633972168,0.4937148094177246,-0.05114666745066643,B
3,8,0.525631308555603,0.44547420740127563,-0.06304263323545456,B
3,9,0.48213979601860046,0.6143261790275574,-0.02274382673203945,B
3,10,0.4957859516143799,0.524391233921051,-0.0359843485057354,B
3,11,0.5020447969436646,0.4638323187828064,-0.050397761166095734,B
3,12,0.5051001310348511,0.41097918152809143,-0.061877623200416565,B
3,13,0.45034733414649963,0.6183942556381226,-0.028257891535758972,B
3,14,0.4619375765323639,0.5328539609909058,-0.040764931589365005,B
3,15,0.4699694812297821,0.4777735769748688,-0.05252597853541374,B
3,16,0.47439470887184143,0.42949044704437256,-0.06140584126114845,B
3,17,0.4159128665924072,0.636733889579773,-0.036596234887838364,B
3,18,0.4261782467365265,0.5703973770141602,-0.04842882230877876,B
3,19,0.4348858594894409,0.5261651873588562,-0.054861169308423996,B
3,20,0.4419195353984833,0.4857313930988312,-0.059799470007419586,B
4,0,0.4125203490257263,0.7931100726127625,3.6391327284945874e-07,B
4,1,0.45623451471328735,0.793056309223175,-0.022166365757584572,B
4,2,0.49506235122680664,0.7333078980445862,-0.03073747456073761,B
4,3,0.48769837617874146,0.6771284341812134,-0.03713852912187576,B
4,4,0.4477006196975708,0.6618701815605164,-0.04555090516805649,B
4,5,0.48725607991218567,0.626948893070221,-0.026935366913676262,B
4,6,0.49432456493377686,0.5492947697639465,-0.04490078240633011,B
4,7,0.49728652834892273,0.4929499924182892,-0.06072162464261055,B
4,8,0.4960264563560486,0.44405388832092285,-0.07270031422376633,B
4,9,0.45902565121650696,0.6152053475379944,-0.03062533214688301,B
4,10,0.4676738977432251,0.5286704897880554,-0.04714537784457207,B
4,11,0.4742870032787323,0.46590688824653625,-0.06377429515123367,B
4,12,0.4787747859954834,0.4126955270767212,-0.07523778825998306,B
4,13,0.42992180585861206,0.6212727427482605,-0.03608641400933266,B
4,14,0.43838635087013245,0.5366553664207458,-0.05328180268406868,B
4,15,0.444880872964859,0.4804438352584839,-0.06823591142892838,B
4,16,0.4499313235282898,0.43263620138168335,-0.07724031805992126,B
4,17,0.3959999680519104,0.6402105093002319,-0.04334553703665733,B
4,18,0.40398970246315,0.5722509026527405,-0.06036992743611336,B
4,19,0.411556214094162,0.5288956761360168,-0.06896403431892395,B
4,20,0.4195399880409241,0.49147388339042664,-0.07365839183330536,B
5,0,0.3364057242870331,0.7790874242782593,3.374258312760503e-07,B
5,1,0.38805294036865234,0.7656444311141968,-0.03039415553212166,B
5,2,0.4278888702392578,0.7158378958702087,-0.044406868517398834,B
5,3,0.4095565378665924,0.6561925411224365,-0.05576194077730179,B
5,4,0.3746497333049774,0.6259365677833557,-0.06716898828744888,B
5,5,0.43373948335647583,0.6007537841796875,-0.028369111940264702,B
5,6,0.44745907187461853,0.5150771737098694,-0.047605130821466446,B
5,7,0.45158687233924866,0.4605516791343689,-0.06368644535541534,B
5,8,0.45406270027160645,0.4108734428882599,-0.07562015950679779,B
5,9,0.4002605080604553,0.5791465640068054,-0.028322933241724968,B
5,10,0.41490113735198975,0.48609232902526855,-0.04481135681271553,B
5,11,0.4219290316104889,0.4246426820755005,-0.06069938465952873,B
5,12,0.42736396193504333,0.3713286519050598,-0.07259099185466766,B
5,13,0.3681155741214752,0.5775124430656433,-0.03139432147145271,B
5,14,0.3798961639404297,0.49186989665031433,-0.04597184807062149,B
5,15,0.3886237144470215,0.43712127208709717,-0.05842287465929985,B
5,16,0.39551982283592224,0.38869500160217285,-0.06721701472997665,B
5,17,0.3333081305027008,0.590536892414093,-0.03766733035445213,B
5,18,0.34337231516838074,0.5234569311141968,-0.050011616200208664,B
5,19,0.3520507216453552,0.48007237911224365,-0.05638798326253891,B
5,20,0.359977126121521,0.439757764339447,-0.06088826060295105,B
6,0,0.2506285607814789,0.7765707969665527,3.5853349800163414e-07,B
6,1,0.30039066076278687,0.7580322623252869,-0.03269089385867119,B
6,2,0.331381618976593,0.7021697759628296,-0.0472557432949543,B
6,3,0.3080359697341919,0.6403056383132935,-0.05890791490674019,B
6,4,0.27609875798225403,0.6042070388793945,-0.07007680833339691,B
6,5,0.34114837646484375,0.5936843156814575,-0.027544157579541206,B
6,6,0.35396111011505127,0.5063323378562927,-0.0481172576546669,B
6,7,0.35962289571762085,0.45091181993484497,-0.06522049009799957,B
6,8,0.3642495572566986,0.40102994441986084,-0.07753857970237732,B
6,9,0.3082018196582794,0.5720750093460083,-0.02621985599398613,B
6,10,0.3229231536388397,0.4767162799835205,-0.04430210590362549,B
6,11,0.33168965578079224,0.4129657745361328,-0.06071876361966133,B
6,12,0.34079763293266296,0.3563960790634155,-0.07239262759685516,B
6,13,0.2770017981529236,0.5694553852081299,-0.02864960953593254,B
6,14,0.2903205454349518,0.48103761672973633,-0.04468758404254913,B
6,15,0.2996751070022583,0.4232543706893921,-0.057274993509054184,B
6,16,0.3092043399810791,0.3717493414878845,-0.06563045084476471,B
6,17,0.24367734789848328,0.5808138847351074,-0.03452727943658829,B
6,18,0.2541053593158722,0.51296067237854,-0.04732540622353554,B
6,19,0.2636016607284546,0.470051109790802,-0.05331157520413399,B
6,20,0.27358531951904297,0.43010470271110535,-0.05725859850645065,B
7,0,0.2882625162601471,0.8040341138839722,3.7763226146125817e-07,B
7,1,0.3417067527770996,0.776694118976593,-0.03095693700015545,B
7,2,0.374575138092041,0.7135943174362183,-0.044145453721284866,B
7,3,0.34157225489616394,0.653969943523407,-0.054210711270570755,B
7,4,0.2998099625110626,0.629584014415741,-0.0640796646475792,B
7,5,0.3662378489971161,0.6029986143112183,-0.027172278612852097,B
7,6,0.37243911623954773,0.510627031326294,-0.04711068421602249,B
7,7,0.372571736574173,0.45204147696495056,-0.0634535551071167,B
7,8,0.37093955278396606,0.4002721905708313,-0.07507073134183884,B
7,9,0.32821884751319885,0.5851517915725708,-0.026947351172566414,B
7,10,0.33609649538993835,0.4809615910053253,-0.043436743319034576,B
7,11,0.33891674876213074,0.4134103059768677,-0.05865857005119324,B
7,12,0.3408670425415039,0.35626229643821716,-0.06927251070737839,B
7,13,0.2931744158267975,0.5872414708137512,-0.030166134238243103,B
7,14,0.29920995235443115,0.4908095896244049,-0.04553656280040741,B
7,15,0.30449798703193665,0.4290781617164612,-0.05840599909424782,B
7,16,0.30804234743118286,0.3766546845436096,-0.06658225506544113,B
7,17,0.25763052701950073,0.6053520441055298,-0.036494817584753036,B
7,18,0.26355186104774475,0.53251051902771,-0.049193620681762695,B
7,19,0.26914018392562866,0.4875792860984802,-0.054418276995420456,B
7,20,0.27410557866096497,0.44748860597610474,-0.057370901107788086,B
8,0,0.4847898483276367,0.8237511515617371,3.4314732033635664e-07,B
8,1,0.5440704226493835,0.8053431510925293,-0.024807069450616837,B
8,2,0.5878340005874634,0.7481957077980042,-0.03825956583023071,B
8,3,0.5832793116569519,0.6854543089866638,-0.050729554146528244,B
8,4,0.549114465713501,0.654403567314148,-0.06424445658922195,B
8,5,0.5959349870681763,0.6172392964363098,-0.029058050364255905,B
8,6,0.6144757866859436,0.5183619856834412,-0.050395481288433075,B
8,7,0.6207605004310608,0.45662787556648254,-0.0684119239449501,B
8,8,0.6238422393798828,0.3999660015106201,-0.08179875463247299,B
8,9,0.5580734610557556,0.5978880524635315,-0.03431366756558418,B
8,10,0.5782513618469238,0.4911162257194519,-0.05181455984711647,B
8,11,0.5882418155670166,0.42004624009132385,-0.06850773841142654,B
8,12,0.5951069593429565,0.3571932315826416,-0.08158731460571289,B
8,13,0.5193998217582703,0.6000521779060364,-0.04213465005159378,B
8,14,0.5369991064071655,0.49937307834625244,-0.05710388720035553,B
8,15,0.5494767427444458,0.43619081377983093,-0.06959673017263412,B
8,16,0.5583634376525879,0.3794872760772705,-0.07920513302087784,B
8,17,0.47731173038482666,0.6173591017723083,-0.05280159041285515,B
8,18,0.4912097156047821,0.540590763092041,-0.06618787348270416,B
8,19,0.5031002759933472,0.49018359184265137,-0.0722101703286171,B
8,20,0.5139978528022766,0.443899542093277,-0.0767822116613388,B
9,0,0.6864688992500305,0.9046844244003296,2.844672906121559e-07,B
9,1,0.7506743669509888,0.9011667370796204,-0.01720016822218895,B
9,2,0.8076799511909485,0.8584476113319397,-0.029518742114305496,B
9,3,0.8223116397857666,0.8073634505271912,-0.04225606471300125,B
9,4,0.7974117994308472,0.7841017246246338,-0.05751091614365578,B
9,5,0.8273314833641052,0.7289014458656311,-0.026187704876065254,B
9,6,0.8571339249610901,0.6399668455123901,-0.048922598361968994,B
9,7,0.873173177242279,0.5814611315727234,-0.06780924648046494,B
9,8,0.8837624788284302,0.5285940170288086,-0.08196744322776794,B
9,9,0.7956990003585815,0.7092302441596985,-0.0376102477312088,B
9,10,0.8324095010757446,0.6068607568740845,-0.0571807324886322,B
9,11,0.8514829277992249,0.5407577753067017,-0.07484021782875061,B
9,12,0.8656929135322571,0.48189258575439453,-0.0882098451256752,B
9,13,0.7581279277801514,0.710161566734314,-0.05079368129372597,B
9,14,0.7906914353370667,0.6103060245513916,-0.06808178871870041,B
9,15,0.8110789060592651,0.5518388748168945,-0.08038429170846939,B
9,16,0.8299923539161682,0.4989929795265198,-0.0898456871509552,B
9,17,0.7129654288291931,0.725161612033844,-0.0659475103020668,B
9,18,0.7353696823120117,0.6470721364021301,-0.08035574108362198,B
9,19,0.7537157535552979,0.6024395227432251,-0.08488191664218903,B
9,20,0.7742541432380676,0.5610355138778687,-0.08874781429767609,B
10,0,0.6676320433616638,0.8780492544174194,3.997641897512949e-07,B
10,1,0.7306265234947205,0.8701846599578857,-0.0267469584941864,B
10,2,0.7841963171958923,0.8180511593818665,-0.040903281420469284,B
10,3,0.7892987132072449,0.7591925263404846,-0.05403514578938484,B
10,4,0.7732183933258057,0.7253987789154053,-0.06878667324781418,B
10,5,0.7961793541908264,0.6805773377418518,-0.02790273167192936,B
10,6,0.8260613083839417,0.595646858215332,-0.053478993475437164,B
10,7,0.8425235152244568,0.536521315574646,-0.07560679316520691,B
10,8,0.8549232482910156,0.4831162095069885,-0.09141537547111511,B
10,9,0.7640534043312073,0.6641726493835449,-0.03404807671904564,B
10,10,0.7981613278388977,0.5708038210868835,-0.05740862339735031,B
10,11,0.8175999522209167,0.5019629597663879,-0.07838405668735504,B
10,12,0.8321138620376587,0.4422886371612549,-0.09343899041414261,B
10,13,0.7276539206504822,0.6669107675552368,-0.04351385310292244,B
10,14,0.7598469257354736,0.5737497210502625,-0.06562621146440506,B
10,15,0.781965434551239,0.5145798921585083,-0.08042209595441818,B
10,16,0.8002499341964722,0.46376097202301025,-0.09007716923952103,B
10,17,0.6847413778305054,0.683208703994751,-0.055807311087846756,B
10,18,0.714818000793457,0.6138033866882324,-0.07455893605947495,B
10,19,0.7371160984039307,0.5708798170089722,-0.08184218406677246,B
10,20,0.7576067447662354,0.5341787934303284,-0.08624623715877533,B
11,0,0.3403751850128174,0.7620030045509338,3.123729754861415e-07,B
11,1,0.39812394976615906,0.7337414622306824,-0.027575721964240074,B
11,2,0.4381541311740875,0.6653906106948853,-0.037903040647506714,B
11,3,0.4164292514324188,0.5981101393699646,-0.04630757123231888,B
11,4,0.37505489587783813,0.5730078220367432,-0.05487081781029701,B
11,5,0.43548256158828735,0.5477269291877747,-0.018595999106764793,B
11,6,0.4446640610694885,0.45542043447494507,-0.0356455072760582,B
11,7,0.44456031918525696,0.39669567346572876,-0.05168164521455765,B
11,8,0.4419860541820526,0.34417086839675903,-0.06421824544668198,B
11,9,0.3985448181629181,0.5304162502288818,-0.0197895634919405,B
11,10,0.40942689776420593,0.43163448572158813,-0.034520719200372696,B
11,11,0.41296055912971497,0.36477214097976685,-0.05084313824772835,B
11,12,0.41385045647621155,0.30765125155448914,-0.06351719051599503,B
11,13,0.36359575390815735,0.5338594913482666,-0.02453584037721157,B
11,14,0.37316879630088806,0.4420592784881592,-0.03840505704283714,B
11,15,0.3795732855796814,0.3832065463066101,-0.051941048353910446,B
11,16,0.38239040970802307,0.3325032591819763,-0.061809755861759186,B
11,17,0.3263370990753174,0.5528251528739929,-0.032426800578832626,B
11,18,0.33546721935272217,0.48163193464279175,-0.0445740669965744,B
11,19,0.34309446811676025,0.4345519542694092,-0.05144551396369934,B
11,20,0.3490307331085205,0.3912988305091858,-0.056730084121227264,B
12,0,0.2809559404850006,0.7612062692642212,3.271410378147266e-07,B
12,1,0.33569130301475525,0.7421098947525024,-0.028857430443167686,B
12,2,0.3748302757740021,0.6813617944717407,-0.04039495810866356,B
12,3,0.35514914989471436,0.6177302002906799,-0.049380745738744736,B
12,4,0.3179967999458313,0.591334342956543,-0.05838102474808693,B
12,5,0.38024160265922546,0.5719989538192749,-0.022753313183784485,B
12,6,0.3945448398590088,0.4867340922355652,-0.04040393978357315,B
12,7,0.39849162101745605,0.43110018968582153,-0.056079573929309845,B
12,8,0.40011870861053467,0.3811604082584381,-0.06826841086149216,B
12,9,0.34607264399528503,0.5516408085823059,-0.023175636306405067,B
12,10,0.3626692295074463,0.4602550268173218,-0.038033511489629745,B
12,11,0.3705484867095947,0.39881566166877747,-0.05355524271726608,B
12,12,0.37614503502845764,0.3450285792350769,-0.06549149751663208,B
12,13,0.3127470016479492,0.5521586537361145,-0.027042144909501076,B
12,14,0.3282805383205414,0.46685072779655457,-0.04133357107639313,B
12,15,0.33850526809692383,0.4116491377353668,-0.05462881177663803,B
12,16,0.345335453748703,0.36299800872802734,-0.06424058973789215,B
12,17,0.27720141410827637,0.5679648518562317,-0.03402387350797653,B
12,18,0.2902761697769165,0.5035071969032288,-0.04662742838263512,B
12,19,0.3016641438007355,0.46118247509002686,-0.05351637676358223,B
12,20,0.3116268217563629,0.4218928813934326,-0.058737512677907944,B
13,0,0.21711081266403198,0.7560144066810608,3.588286858757783e-07,B
13,1,0.2600332200527191,0.7141470909118652,-0.032673172652721405,B
13,2,0.2781240940093994,0.6368116736412048,-0.04472620040178299,B
13,3,0.24069397151470184,0.5829408168792725,-0.053432952612638474,B
13,4,0.19786502420902252,0.5749278664588928,-0.06163647398352623,B
13,5,0.2593282461166382,0.5341589450836182,-0.024634279310703278,B
13,6,0.2504407465457916,0.44456079602241516,-0.04186033084988594,B
13,7,0.24066777527332306,0.388916552066803,-0.057246603071689606,B
13,8,0.2310856729745865,0.33980366587638855,-0.06927701085805893,B
13,9,0.2223493754863739,0.5281270146369934,-0.022831620648503304,B
13,10,0.21378877758979797,0.43206143379211426,-0.03733537346124649,B
13,11,0.2061532586812973,0.36745333671569824,-0.05295044183731079,B
13,12,0.19987455010414124,0.3115924596786499,-0.06482268124818802,B
13,13,0.1919807344675064,0.5415158867835999,-0.024799516424536705,B
13,14,0.18307912349700928,0.4541570842266083,-0.03823380544781685,B
13,15,0.17884396016597748,0.3947722315788269,-0.05207846313714981,B
13,16,0.1748351752758026,0.34426796436309814,-0.06208081543445587,B
13,17,0.16426798701286316,0.5701594352722168,-0.030345365405082703,B
13,18,0.15791158378124237,0.503074586391449,-0.041937943547964096,B
13,19,0.1569582223892212,0.4568633735179901,-0.049080729484558105,B
13,20,0.15661680698394775,0.4147570729255676,-0.05456536263227463,B
14,0,0.21737390756607056,0.7711079120635986,3.4553536920611805e-07,B
14,1,0.2566903531551361,0.7248866558074951,-0.03538932651281357,B
14,2,0.26687657833099365,0.6436817049980164,-0.04769306257367134,B
14,3,0.2203328013420105,0.5960456132888794,-0.05618840083479881,B
14,4,0.17681601643562317,0.5917155742645264,-0.06396377086639404,B
14,5,0.23986276984214783,0.5445680618286133,-0.023607425391674042,B
14,6,0.2233109325170517,0.4557756781578064,-0.04131950065493584,B
14,7,0.20908072590827942,0.4015652537345886,-0.0573614127933979,B
14,8,0.19636939465999603,0.3542977571487427,-0.06997260451316833,B
14,9,0.20220866799354553,0.5419958233833313,-0.02089613862335682,B
14,10,0.1863117516040802,0.4451081156730652,-0.03643171489238739,B
14,11,0.17447099089622498,0.3811243772506714,-0.05392022803425789,B
14,12,0.16526855528354645,0.3251507878303528,-0.06715439260005951,B
14,13,0.17257662117481232,0.5576952695846558,-0.02260901965200901,B
14,14,0.1573447287082672,0.46807658672332764,-0.03773440420627594,B
14,15,0.14882689714431763,0.40686553716659546,-0.05481211096048355,B
14,16,0.1415454000234604,0.3549036681652069,-0.06698090583086014,B
14,17,0.14708837866783142,0.5887455940246582,-0.0280007254332304,B
14,18,0.1356276273727417,0.5195764899253845,-0.04115547612309456,B
14,19,0.1306760609149933,0.4731051027774811,-0.05069611966609955,B
14,20,0.1265469193458557,0.4300171732902527,-0.058134786784648895,B
15,0,0.3318995535373688,0.8334957361221313,3.8519439726769633e-07,B
15,1,0.3841611444950104,0.7910032868385315,-0.03445488587021828,B
15,2,0.4095378816127777,0.7152968049049377,-0.049886081367731094,B
15,3,0.37347254157066345,0.660682737827301,-0.061864256858825684,B
15,4,0.32650449872016907,0.6498477458953857,-0.07380389422178268,B
15,5,0.3812865912914276,0.5970033407211304,-0.03304295986890793,B
15,6,0.37072640657424927,0.4988365173339844,-0.05546533316373825,B
15,7,0.35820385813713074,0.4384777545928955,-0.07383853942155838,B
15,8,0.3448028564453125,0.3856143057346344,-0.0871187299489975,B
15,9,0.33887314796447754,0.5917107462882996,-0.032579049468040466,B
15,10,0.32872432470321655,0.48203542828559875,-0.0509764701128006,B
15,11,0.31966063380241394,0.4110776484012604,-0.06793186813592911,B
15,12,0.3105705678462982,0.35054975748062134,-0.0801801085472107,B
15,13,0.3030602037906647,0.6076403856277466,-0.03568091243505478,B
15,14,0.2918365001678467,0.508518397808075,-0.05214575678110123,B
15,15,0.28637877106666565,0.44351106882095337,-0.06616469472646713,B
15,16,0.27956950664520264,0.3878251612186432,-0.07564034312963486,B
15,17,0.27003344893455505,0.6405237913131714,-0.04234512522816658,B
15,18,0.26442751288414,0.5644839406013489,-0.056334227323532104,B
15,19,0.26237428188323975,0.5151103734970093,-0.06291976571083069,B
15,20,0.2596709728240967,0.47045284509658813,-0.06720075756311417,B
16,0,0.4503500163555145,0.8474606871604919,3.479014765161992e-07,B
16,1,0.5069959163665771,0.8401527404785156,-0.03012213110923767,B
16,2,0.5558321475982666,0.7920786738395691,-0.047440215945243835,B
16,3,0.5604348182678223,0.7295946478843689,-0.06284057348966599,B
16,4,0.527106761932373,0.6968904733657837,-0.07942546904087067,B
16,5,0.5675339698791504,0.653182864189148,-0.03736906498670578,B
16,6,0.5877135992050171,0.5539329051971436,-0.06212620437145233,B
16,7,0.5928323268890381,0.49171730875968933,-0.08229462802410126,B
16,8,0.5942586660385132,0.4342036247253418,-0.09720771014690399,B
16,9,0.5306351780891418,0.6338515877723694,-0.04121773689985275,B
16,10,0.5530390739440918,0.5257165431976318,-0.06253767013549805,B
16,11,0.5619372129440308,0.45593926310539246,-0.08133833855390549,B
16,12,0.5667112469673157,0.3946569561958313,-0.09567178785800934,B
16,13,0.49180784821510315,0.6353062391281128,-0.04779358208179474,B
16,14,0.511684775352478,0.5330193638801575,-0.06641901284456253,B
16,15,0.5227220058441162,0.4706783592700958,-0.08016180247068405,B
16,16,0.5297877788543701,0.41461440920829773,-0.09039296209812164,B
16,17,0.44890013337135315,0.6511846780776978,-0.05753844603896141,B
16,18,0.4657909572124481,0.5749489068984985,-0.07412636280059814,B
16,19,0.47772127389907837,0.5265027284622192,-0.08183368295431137,B
16,20,0.4879196584224701,0.4807271957397461,-0.08745507150888443,B
17,0,0.34009885787963867,0.8262306451797485,3.4757363209791947e-07,B
17,1,0.39469286799430847,0.8031809329986572,-0.027089131996035576,B
17,2,0.43287673592567444,0.744215726852417,-0.03988001123070717,B
17,3,0.41432711482048035,0.6885497570037842,-0.05073210597038269,B
17,4,0.37974923849105835,0.6633358001708984,-0.06236676499247551,B
17,5,0.42926087975502014,0.6265716552734375,-0.02963142655789852,B
17,6,0.4394299387931824,0.5324020385742188,-0.05056307092308998,B
17,7,0.44146984815597534,0.47283852100372314,-0.06752430647611618,B
17,8,0.4413496255874634,0.41990846395492554,-0.07975230365991592,B
17,9,0.3916618227958679,0.609586775302887,-0.03237134590744972,B
17,10,0.4025178849697113,0.5054978132247925,-0.05012776330113411,B
17,11,0.40748149156570435,0.4381372034549713,-0.06646130234003067,B
17,12,0.4113329350948334,0.37998074293136597,-0.07864061743021011,B
17,13,0.35546818375587463,0.6135290265083313,-0.03781713545322418,B
17,14,0.36364978551864624,0.5156866908073425,-0.05356648936867714,B
17,15,0.36996546387672424,0.4555692672729492,-0.06621895730495453,B
17,16,0.37548619508743286,0.40143710374832153,-0.07532656937837601,B
17,17,0.3165760338306427,0.6334238648414612,-0.046039823442697525,B
17,18,0.3233013153076172,0.5605029463768005,-0.059392210096120834,B
17,19,0.32964888215065,0.515121340751648,-0.06510072946548462,B
17,20,0.33536797761917114,0.4728187322616577,-0.06919939815998077,B
18,0,0.2446339726448059,0.781764566898346,3.824578413968993e-07,B
18,1,0.2884393334388733,0.7492893934249878,-0.036246273666620255,B
18,2,0.3079926669597626,0.6818000674247742,-0.05165106803178787,B
18,3,0.2692220211029053,0.6290187239646912,-0.06303776055574417,B
18,4,0.22757181525230408,0.6100158095359802,-0.07359280437231064,B
18,5,0.29202648997306824,0.5748249888420105,-0.031472060829401016,B
18,6,0.2873232960700989,0.48330894112586975,-0.051628392189741135,B
18,7,0.2806065082550049,0.42608749866485596,-0.0680454894900322,B
18,8,0.2742074728012085,0.3757263123989105,-0.08008779585361481,B
18,9,0.2558196187019348,0.5635781288146973,-0.02815968543291092,B
18,10,0.25078466534614563,0.4644254446029663,-0.04505234584212303,B
18,11,0.24620069563388824,0.3996426463127136,-0.060547638684511185,B
18,12,0.24384495615959167,0.3435080349445343,-0.07179172337055206,B
18,13,0.2258465737104416,0.569718599319458,-0.028805024921894073,B
18,14,0.22091853618621826,0.47844523191452026,-0.04358232021331787,B
18,15,0.21954481303691864,0.418810099363327,-0.05606682598590851,B
18,16,0.21925874054431915,0.36737334728240967,-0.06476927548646927,B
18,17,0.1983662247657776,0.5904626846313477,-0.03324272856116295,B
18,18,0.19434799253940582,0.5212938785552979,-0.0447060726583004,B
18,19,0.19543468952178955,0.4767270088195801,-0.05049750953912735,B
18,20,0.19756633043289185,0.43567919731140137,-0.05476657673716545,B
19,0,0.32544657588005066,0.8174073696136475,3.980480016707588e-07,B
19,1,0.38143259286880493,0.7852468490600586,-0.030760914087295532,B
19,2,0.41610634326934814,0.7211657166481018,-0.04535698518157005,B
19,3,0.39615142345428467,0.6663077473640442,-0.05735217407345772,B
19,4,0.35743603110313416,0.6500672101974487,-0.06990349292755127,B
19,5,0.39336615800857544,0.5992153286933899,-0.031216029077768326,B
19,6,0.3931414484977722,0.5048355460166931,-0.05374940484762192,B
19,7,0.3881559669971466,0.444179892539978,-0.07215692102909088,B
19,8,0.38150060176849365,0.39021429419517517,-0.08541262149810791,B
19,9,0.35410183668136597,0.588925302028656,-0.032744042575359344,B
19,10,0.35382816195487976,0.4812670052051544,-0.05208788439631462,B
19,11,0.3508451581001282,0.4103204011917114,-0.06943948566913605,B
19,12,0.34738948941230774,0.3495684266090393,-0.08171038329601288,B
19,13,0.31764286756515503,0.5997021198272705,-0.03742770850658417,B
19,14,0.3158102333545685,0.4991759657859802,-0.0552380196750164,B
19,15,0.3155084550380707,0.43318307399749756,-0.06973368674516678,B
19,16,0.31463348865509033,0.3759707808494568,-0.07925433665513992,B
19,17,0.2818009853363037,0.6270617246627808,-0.04517674818634987,B
19,18,0.2823486328125,0.5514037013053894,-0.06046156585216522,B
19,19,0.2846011817455292,0.5030727982521057,-0.0673920065164566,B
19,20,0.28702855110168457,0.4588158130645752,-0.07168116420507431,B
20,0,0.45514583587646484,0.8115980625152588,3.2901183999456407e-07,B
20,1,0.5111188888549805,0.7896792888641357,-0.02723613940179348,B
20,2,0.5548911094665527,0.7350314259529114,-0.043415773659944534,B
20,3,0.5533199906349182,0.6773226261138916,-0.05801768600940704,B
20,4,0.5232713222503662,0.6475358605384827,-0.07367780059576035,B
20,5,0.5419988036155701,0.6034059524536133,-0.03466668352484703,B
20,6,0.5485801100730896,0.5060466527938843,-0.05944439396262169,B
20,7,0.5461483001708984,0.4461514353752136,-0.07920490205287933,B
20,8,0.541037917137146,0.391948401927948,-0.09330398589372635,B
20,9,0.5055491328239441,0.5939074158668518,-0.039361461997032166,B
20,10,0.5141037702560425,0.4862305819988251,-0.06056632101535797,B
20,11,0.5147651433944702,0.41716644167900085,-0.07896720618009567,B
20,12,0.5128504037857056,0.35804739594459534,-0.09264536947011948,B
20,13,0.4700722098350525,0.6046967506408691,-0.046628836542367935,B
20,14,0.47626009583473206,0.5030140280723572,-0.06500887870788574,B
20,15,0.4791533052921295,0.4416625499725342,-0.07831770181655884,B
20,16,0.4799834191799164,0.38740599155426025,-0.08799876272678375,B
20,17,0.43200498819351196,0.6311210989952087,-0.056714680045843124,B
20,18,0.4377734363079071,0.5562382936477661,-0.07295084744691849,B
20,19,0.4431508481502533,0.508043646812439,-0.08037429302930832,B
20,20,0.4482218027114868,0.462783545255661,-0.08555131405591965,B
21,0,0.5114383101463318,0.8250465393066406,3.342928209804086e-07,B
21,1,0.570988118648529,0.8157126903533936,-0.029106711968779564,B
21,2,0.6216111779212952,0.764210045337677,-0.046113479882478714,B
21,3,0.6249634623527527,0.7017033696174622,-0.06121830269694328,B
21,4,0.5905103087425232,0.6750768423080444,-0.07777827233076096,B
21,5,0.6177147030830383,0.6251910924911499,-0.03809725120663643,B
21,6,0.6335180997848511,0.5288190245628357,-0.06329771876335144,B
21,7,0.6355797648429871,0.4683237075805664,-0.08340694010257721,B
21,8,0.6343490481376648,0.41295647621154785,-0.0984518975019455,B
21,9,0.5822030305862427,0.6111046075820923,-0.04281626641750336,B
21,10,0.6002909541130066,0.504088282585144,-0.06508264690637589,B
21,11,0.6059384942054749,0.43471062183380127,-0.08411560207605362,B
21,12,0.6081238985061646,0.37416937947273254,-0.0986911877989769,B
21,13,0.5452620387077332,0.6176774501800537,-0.05018968507647514,B
21,14,0.5597589015960693,0.5145525336265564,-0.07015916705131531,B
21,15,0.5676507353782654,0.45194604992866516,-0.08483312278985977,B
21,16,0.5728753805160522,0.39563173055648804,-0.095757856965065,B
21,17,0.5040042400360107,0.6389281153678894,-0.06048266962170601,B
21,18,0.5151824355125427,0.5622310042381287,-0.07853139191865921,B
21,19,0.5243510007858276,0.5128761529922485,-0.08782365173101425,B
21,20,0.53272944688797,0.46539121866226196,-0.09479872137308121,B
22,0,0.4996398985385895,0.8372441530227661,3.3122637432825286e-07,B
22,1,0.558481752872467,0.8307777047157288,-0.0288437157869339,B
22,2,0.6095088124275208,0.7795557379722595,-0.04547805339097977,B
22,3,0.6130865216255188,0.7154039740562439,-0.06029022857546806,B
22,4,0.5776754021644592,0.6898612976074219,-0.0767015591263771,B
22,5,0.6131058931350708,0.6401444673538208,-0.038394395262002945,B
22,6,0.6327722072601318,0.5416510105133057,-0.0634709820151329,B
22,7,0.6373579502105713,0.4792981445789337,-0.08352874219417572,B
22,8,0.6380465626716614,0.4226897954940796,-0.09858200699090958,B
22,9,0.5761118531227112,0.623194694519043,-0.043539442121982574,B
22,10,0.5976729393005371,0.5159991979598999,-0.06567763537168503,B
22,11,0.6054258942604065,0.4455679953098297,-0.08460400253534317,B
22,12,0.6089738011360168,0.3839353621006012,-0.0990503579378128,B
22,13,0.5374274253845215,0.6277611255645752,-0.051242630928754807,B
22,14,0.5548133254051208,0.5244920253753662,-0.07098211348056793,B
22,15,0.56524658203125,0.46134597063064575,-0.0856095552444458,B
22,16,0.5725710391998291,0.4047431945800781,-0.09655465185642242,B
22,17,0.4944121241569519,0.6475107073783875,-0.06188487261533737,B
22,18,0.5076507925987244,0.5706497430801392,-0.0797138512134552,B
22,19,0.5184224843978882,0.5215857028961182,-0.08850909769535065,B
22,20,0.5281227231025696,0.4753510057926178,-0.0951453149318695,B
23,0,0.4880894124507904,0.8409563302993774,3.690459777772048e-07,B
23,1,0.5451213717460632,0.834732174873352,-0.031280118972063065,B
23,2,0.5943076610565186,0.7882164716720581,-0.04968184605240822,B
23,3,0.5947980880737305,0.7272325754165649,-0.06595892459154129,B
23,4,0.5616890788078308,0.6999623775482178,-0.08353976160287857,B
23,5,0.6003556847572327,0.6457786560058594,-0.040311068296432495,B
23,6,0.6185829639434814,0.5477949976921082,-0.06634003669023514,B
23,7,0.6226670742034912,0.4853612184524536,-0.08702545613050461,B
23,8,0.6231643557548523,0.4281865954399109,-0.10238106548786163,B
23,9,0.5620359182357788,0.6269108057022095,-0.04459420219063759,B
23,10,0.5830196738243103,0.518864095211029,-0.06742042303085327,B
23,11,0.5914686918258667,0.4482358992099762,-0.08679420500993729,B
23,12,0.5963510870933533,0.38682249188423157,-0.10151423513889313,B
23,13,0.5226565599441528,0.6297892928123474,-0.05170386657118797,B
23,14,0.5396832227706909,0.5270569324493408,-0.07195986807346344,B
23,15,0.5505895018577576,0.46305763721466064,-0.08689461648464203,B
23,16,0.558830976486206,0.4060039222240448,-0.09793015569448471,B
23,17,0.47957584261894226,0.648370087146759,-0.06199175864458084,B
23,18,0.4925175607204437,0.570933997631073,-0.07993430644273758,B
23,19,0.5029458999633789,0.521087646484375,-0.08874554187059402,B
23,20,0.5127530097961426,0.47410619258880615,-0.0952983871102333,B
24,0,0.4813760221004486,0.8610204458236694,4.052712085922394e-07,B
24,1,0.5390982627868652,0.8507047891616821,-0.032606858760118484,B
24,2,0.5882906913757324,0.8071966767311096,-0.05274518206715584,B
24,3,0.5834758281707764,0.7474274039268494,-0.07049177587032318,B
24,4,0.5469614267349243,0.7216600179672241,-0.08947701752185822,B
24,5,0.5916308760643005,0.6654313802719116,-0.04350919649004936,B
24,6,0.6089480519294739,0.5650342106819153,-0.07048521935939789,B
24,7,0.6122735142707825,0.5014890432357788,-0.09155219793319702,B
24,8,0.6121839880943298,0.442976176738739,-0.1067945808172226,B
24,9,0.5512323975563049,0.6462680101394653,-0.047458577901124954,B
24,10,0.570405125617981,0.5354278087615967,-0.07061126083135605,B
24,11,0.5781989693641663,0.463187038898468,-0.08999316394329071,B
24,12,0.582882821559906,0.4007558226585388,-0.10453206300735474,B
24,13,0.5107927918434143,0.6489543318748474,-0.05408184975385666,B
24,14,0.5253179669380188,0.5450137257575989,-0.07403310388326645,B
24,15,0.5353378057479858,0.4790413975715637,-0.08857422322034836,B
24,16,0.5429524183273315,0.4207497239112854,-0.09920231252908707,B
24,17,0.4672738313674927,0.6677361726760864,-0.06398376077413559,B
24,18,0.4793735146522522,0.5881879925727844,-0.08092054724693298,B
24,19,0.489102303981781,0.5377343893051147,-0.08851531893014908,B
24,20,0.4982040226459503,0.4908980131149292,-0.09404225647449493,B
25,0,0.5817475914955139,0.8495295643806458,3.619871051796508e-07,B
25,1,0.6407514214515686,0.8450206518173218,-0.025430383160710335,B
25,2,0.6910360455513,0.8057529926300049,-0.043307144194841385,B
25,3,0.7082951068878174,0.7632649540901184,-0.06055862456560135,B
25,4,0.6984819173812866,0.7319576144218445,-0.07936642318964005,B
25,5,0.7047186493873596,0.6666246056556702,-0.03853635489940643,B
25,6,0.7284352779388428,0.5690566897392273,-0.06657472252845764,B
25,7,0.7369009852409363,0.5077812671661377,-0.08822884410619736,B
25,8,0.7407662868499756,0.4510911703109741,-0.10337024927139282,B
25,9,0.6700129508972168,0.648198127746582,-0.04618030786514282,B
25,10,0.6987962126731873,0.5379807949066162,-0.07042782008647919,B
25,11,0.7120481133460999,0.46782857179641724,-0.09003753215074539,B
25,12,0.72055584192276,0.4069977402687073,-0.10453273355960846,B
25,13,0.6312474608421326,0.649450421333313,-0.05623099207878113,B
25,14,0.6563887596130371,0.5436461567878723,-0.07740824669599533,B
25,15,0.6700307130813599,0.4827309846878052,-0.09125694632530212,B
25,16,0.6800094842910767,0.42885249853134155,-0.1010773628950119,B
25,17,0.5875690579414368,0.6651725769042969,-0.0688808411359787,B
25,18,0.6073975563049316,0.5878792405128479,-0.08763493597507477,B
25,19,0.6219170689582825,0.53882896900177,-0.09581885486841202,B
25,20,0.6359679698944092,0.492125928401947,-0.10137291252613068,B
26,0,0.5038530826568604,0.837721586227417,3.924439226921095e-07,B
26,1,0.5613046884536743,0.8298288583755493,-0.02776922844350338,B
26,2,0.60728919506073,0.7870364785194397,-0.0455826073884964,B
26,3,0.6098520755767822,0.734356164932251,-0.06199284642934799,B
26,4,0.5971881151199341,0.7042542695999146,-0.07952072471380234,B
26,5,0.6206845641136169,0.6484949588775635,-0.0383462980389595,B
26,6,0.6431738138198853,0.5498220920562744,-0.0647258535027504,B
26,7,0.6530058979988098,0.4895671010017395,-0.08526328206062317,B
26,8,0.6598963141441345,0.4350215792655945,-0.0995488166809082,B
26,9,0.5837897062301636,0.630163311958313,-0.044071268290281296,B
26,10,0.6097661852836609,0.5220992565155029,-0.06688731163740158,B
26,11,0.6221808195114136,0.4513236880302429,-0.08593492954969406,B
26,12,0.6322466135025024,0.3889137804508209,-0.09979117661714554,B
26,13,0.5449017286300659,0.6317073702812195,-0.052358854562044144,B
26,14,0.5680637359619141,0.5278066396713257,-0.07192248106002808,B
26,15,0.5830949544906616,0.46688687801361084,-0.08558116108179092,B
26,16,0.5966060757637024,0.4120126962661743,-0.0953080803155899,B
26,17,0.5009344220161438,0.6485003232955933,-0.0634094774723053,B
26,18,0.518322765827179,0.5725481510162354,-0.08046405017375946,B
26,19,0.5314106345176697,0.5260622501373291,-0.08738624304533005,B
26,20,0.5440350770950317,0.4823572635650635,-0.09187567234039307,B
27,0,0.30432775616645813,0.8322464823722839,4.0192895767177106e-07,B
27,1,0.355448454618454,0.8143711686134338,-0.03709157928824425,B
27,2,0.3913143575191498,0.7603113651275635,-0.05609501153230667,B
27,3,0.3667885959148407,0.7084893584251404,-0.07142596691846848,B
27,4,0.3278878629207611,0.6872621178627014,-0.08750440925359726,B
27,5,0.3806951642036438,0.6339435577392578,-0.04380663484334946,B
27,6,0.38615211844444275,0.5384909510612488,-0.06937488168478012,B
27,7,0.3842024803161621,0.477875292301178,-0.08918652683496475,B
27,8,0.3807171881198883,0.42353495955467224,-0.10317359864711761,B
27,9,0.3414735496044159,0.6189947724342346,-0.042972590774297714,B
27,10,0.3459590673446655,0.5122991800308228,-0.06573126465082169,B
27,11,0.3451475501060486,0.441777765750885,-0.08531337231397629,B
27,12,0.34385472536087036,0.38110634684562683,-0.09929022192955017,B
27,13,0.30670738220214844,0.6242979764938354,-0.045200884342193604,B
27,14,0.30943915247917175,0.5250073671340942,-0.06458350270986557,B
27,15,0.3113429844379425,0.46143782138824463,-0.07990319281816483,B
27,16,0.3131662905216217,0.40511107444763184,-0.09047483652830124,B
27,17,0.27171579003334045,0.6456198692321777,-0.05091318115592003,B
27,18,0.27460777759552,0.5710510611534119,-0.06658618152141571,B
27,19,0.2781555950641632,0.5241479873657227,-0.07414665073156357,B
27,20,0.2812786102294922,0.4805208444595337,-0.07942987978458405,B
28,0,0.29447075724601746,0.8342612981796265,4.227378838095319e-07,B
28,1,0.34764260053634644,0.8111531138420105,-0.0375194251537323,B
28,2,0.3851398229598999,0.7531614303588867,-0.056459762156009674,B
28,3,0.3582315444946289,0.6954157948493958,-0.07163956761360168,B
28,4,0.3162936270236969,0.6757915019989014,-0.08709508180618286,B
28,5,0.37147513031959534,0.6276570558547974,-0.04001542553305626,B
28,6,0.3748747706413269,0.5348324775695801,-0.06411617249250412,B
28,7,0.371474951505661,0.47577953338623047,-0.08330144733190536,B
28,8,0.3664412498474121,0.422458291053772,-0.09731258451938629,B
28,9,0.33220648765563965,0.6139538884162903,-0.0390041247010231,B
28,10,0.3364925682544708,0.510460376739502,-0.06034413352608681,B
28,11,0.3363608121871948,0.44109469652175903,-0.07924970239400864,B
28,12,0.3354071080684662,0.3805023431777954,-0.09301739186048508,B
28,13,0.29657018184661865,0.6213209629058838,-0.04142240807414055,B
28,14,0.29888850450515747,0.5254601836204529,-0.06030971184372902,B
28,15,0.3015363812446594,0.4623056948184967,-0.07596617192029953,B
28,16,0.30304640531539917,0.40645843744277954,-0.08679666370153427,B
28,17,0.2602080702781677,0.6440790891647339,-0.04745400696992874,B
28,18,0.26211848855018616,0.5714422464370728,-0.06326887011528015,B
28,19,0.26603683829307556,0.523059070110321,-0.07177053391933441,B
28,20,0.26985231041908264,0.47820043563842773,-0.0777663141489029,B
29,0,0.33612239360809326,0.8255035877227783,3.990440973211662e-07,B
29,1,0.3898622691631317,0.8059408068656921,-0.035697564482688904,B
29,2,0.431196004152298,0.7497195601463318,-0.05463440343737602,B
29,3,0.4214692711830139,0.6872461438179016,-0.07053250074386597,B
29,4,0.3820069432258606,0.6684131026268005,-0.08713909983634949,B
29,5,0.41890180110931396,0.6155377626419067,-0.040120068937540054,B
29,6,0.42501065135002136,0.5214253664016724,-0.0645575150847435,B
29,7,0.42305564880371094,0.4610913395881653,-0.08469494432210922,B
29,8,0.4190736711025238,0.4052615761756897,-0.09994186460971832,B
29,9,0.38099461793899536,0.603030800819397,-0.040938444435596466,B
29,10,0.3877910375595093,0.4993935823440552,-0.06263229995965958,B
29,11,0.3884281814098358,0.4297385513782501,-0.08183111995458603,B
29,12,0.3871850073337555,0.36780494451522827,-0.0964367538690567,B
29,13,0.34485217928886414,0.6121769547462463,-0.04490724578499794,B
29,14,0.34940260648727417,0.5151453018188477,-0.06447770446538925,B
29,15,0.35244593024253845,0.4538052976131439,-0.07930296659469604,B
29,16,0.35326680541038513,0.3986133933067322,-0.08987744897603989,B
29,17,0.30707216262817383,0.6367505192756653,-0.052503880113363266,B
29,18,0.31160300970077515,0.5618221163749695,-0.0697706863284111,B
29,19,0.31606411933898926,0.5131651759147644,-0.07856754958629608,B
29,20,0.31997308135032654,0.46747732162475586,-0.08489043265581131,B
